split,class_name,npy_path,wav_path
train,Acoustic_guitar,../../Datasets/FSDKaggle2018/Spec_5_second_npy/Acoustic_guitar/89a058e2.npy,../../Datasets/FSDKaggle2018/Sorted/Acoustic_guitar/89a058e2.wav
train,Acoustic_guitar,../../Datasets/FSDKaggle2018/Spec_5_second_npy/Acoustic_guitar/30e59ebe.npy,../../Datasets/FSDKaggle2018/Sorted/Acoustic_guitar/30e59ebe.wav
train,Acoustic_guitar,../../Datasets/FSDKaggle2018/Spec_5_second_npy/Acoustic_guitar/dca7052f.npy,../../Datasets/FSDKaggle2018/Sorted/Acoustic_guitar/dca7052f.wav
train,Acoustic_guitar,../../Datasets/FSDKaggle2018/Spec_5_second_npy/Acoustic_guitar/6acef16d.npy,../../Datasets/FSDKaggle2018/Sorted/Acoustic_guitar/6acef16d.wav
train,Acoustic_guitar,../../Datasets/FSDKaggle2018/Spec_5_second_npy/Acoustic_guitar/5c356407.npy,../../Datasets/FSDKaggle2018/Sorted/Acoustic_guitar/5c356407.wav
train,Acoustic_guitar,../../Datasets/FSDKaggle2018/Spec_5_second_npy/Acoustic_guitar/be7844f0.npy,../../Datasets/FSDKaggle2018/Sorted/Acoustic_guitar/be7844f0.wav
train,Acoustic_guitar,../../Datasets/FSDKaggle2018/Spec_5_second_npy/Acoustic_guitar/dd043345.npy,../../Datasets/FSDKaggle2018/Sorted/Acoustic_guitar/dd043345.wav
train,Acoustic_guitar,../../Datasets/FSDKaggle2018/Spec_5_second_npy/Acoustic_guitar/5206fbc7.npy,../../Datasets/FSDKaggle2018/Sorted/Acoustic_guitar/5206fbc7.wav
train,Acoustic_guitar,../../Datasets/FSDKaggle2018/Spec_5_second_npy/Acoustic_guitar/214ddd6b.npy,../../Datasets/FSDKaggle2018/Sorted/Acoustic_guitar/214ddd6b.wav
train,Acoustic_guitar,../../Datasets/FSDKaggle2018/Spec_5_second_npy/Acoustic_guitar/d1ed5162.npy,../../Datasets/FSDKaggle2018/Sorted/Acoustic_guitar/d1ed5162.wav
train,Acoustic_guitar,../../Datasets/FSDKaggle2018/Spec_5_second_npy/Acoustic_guitar/45250e90.npy,../../Datasets/FSDKaggle2018/Sorted/Acoustic_guitar/45250e90.wav
train,Acoustic_guitar,../../Datasets/FSDKaggle2018/Spec_5_second_npy/Acoustic_guitar/22025272.npy,../../Datasets/FSDKaggle2018/Sorted/Acoustic_guitar/22025272.wav
train,Acoustic_guitar,../../Datasets/FSDKaggle2018/Spec_5_second_npy/Acoustic_guitar/32dee61b.npy,../../Datasets/FSDKaggle2018/Sorted/Acoustic_guitar/32dee61b.wav
train,Acoustic_guitar,../../Datasets/FSDKaggle2018/Spec_5_second_npy/Acoustic_guitar/e4ac98b7.npy,../../Datasets/FSDKaggle2018/Sorted/Acoustic_guitar/e4ac98b7.wav
train,Acoustic_guitar,../../Datasets/FSDKaggle2018/Spec_5_second_npy/Acoustic_guitar/09a63606.npy,../../Datasets/FSDKaggle2018/Sorted/Acoustic_guitar/09a63606.wav
train,Acoustic_guitar,../../Datasets/FSDKaggle2018/Spec_5_second_npy/Acoustic_guitar/c36a59f9.npy,../../Datasets/FSDKaggle2018/Sorted/Acoustic_guitar/c36a59f9.wav
train,Applause,../../Datasets/FSDKaggle2018/Spec_5_second_npy/Applause/df6223de.npy,../../Datasets/FSDKaggle2018/Sorted/Applause/df6223de.wav
train,Applause,../../Datasets/FSDKaggle2018/Spec_5_second_npy/Applause/cce06a6e.npy,../../Datasets/FSDKaggle2018/Sorted/Applause/cce06a6e.wav
train,Applause,../../Datasets/FSDKaggle2018/Spec_5_second_npy/Applause/2a180be4.npy,../../Datasets/FSDKaggle2018/Sorted/Applause/2a180be4.wav
train,Applause,../../Datasets/FSDKaggle2018/Spec_5_second_npy/Applause/26a9e392.npy,../../Datasets/FSDKaggle2018/Sorted/Applause/26a9e392.wav
train,Applause,../../Datasets/FSDKaggle2018/Spec_5_second_npy/Applause/35669b76.npy,../../Datasets/FSDKaggle2018/Sorted/Applause/35669b76.wav
train,Applause,../../Datasets/FSDKaggle2018/Spec_5_second_npy/Applause/35270d67.npy,../../Datasets/FSDKaggle2018/Sorted/Applause/35270d67.wav
train,Applause,../../Datasets/FSDKaggle2018/Spec_5_second_npy/Applause/1f2354e3.npy,../../Datasets/FSDKaggle2018/Sorted/Applause/1f2354e3.wav
train,Applause,../../Datasets/FSDKaggle2018/Spec_5_second_npy/Applause/a4a85573.npy,../../Datasets/FSDKaggle2018/Sorted/Applause/a4a85573.wav
train,Applause,../../Datasets/FSDKaggle2018/Spec_5_second_npy/Applause/441b8b36.npy,../../Datasets/FSDKaggle2018/Sorted/Applause/441b8b36.wav
train,Applause,../../Datasets/FSDKaggle2018/Spec_5_second_npy/Applause/acae415b.npy,../../Datasets/FSDKaggle2018/Sorted/Applause/acae415b.wav
train,Applause,../../Datasets/FSDKaggle2018/Spec_5_second_npy/Applause/e08db496.npy,../../Datasets/FSDKaggle2018/Sorted/Applause/e08db496.wav
train,Applause,../../Datasets/FSDKaggle2018/Spec_5_second_npy/Applause/dd43720d.npy,../../Datasets/FSDKaggle2018/Sorted/Applause/dd43720d.wav
train,Applause,../../Datasets/FSDKaggle2018/Spec_5_second_npy/Applause/a46931cf.npy,../../Datasets/FSDKaggle2018/Sorted/Applause/a46931cf.wav
train,Applause,../../Datasets/FSDKaggle2018/Spec_5_second_npy/Applause/c5a307f5.npy,../../Datasets/FSDKaggle2018/Sorted/Applause/c5a307f5.wav
train,Applause,../../Datasets/FSDKaggle2018/Spec_5_second_npy/Applause/48cfca3e.npy,../../Datasets/FSDKaggle2018/Sorted/Applause/48cfca3e.wav
train,Applause,../../Datasets/FSDKaggle2018/Spec_5_second_npy/Applause/87192927.npy,../../Datasets/FSDKaggle2018/Sorted/Applause/87192927.wav
train,Bark,../../Datasets/FSDKaggle2018/Spec_5_second_npy/Bark/99680597.npy,../../Datasets/FSDKaggle2018/Sorted/Bark/99680597.wav
train,Bark,../../Datasets/FSDKaggle2018/Spec_5_second_npy/Bark/1391883f.npy,../../Datasets/FSDKaggle2018/Sorted/Bark/1391883f.wav
train,Bark,../../Datasets/FSDKaggle2018/Spec_5_second_npy/Bark/3c200451.npy,../../Datasets/FSDKaggle2018/Sorted/Bark/3c200451.wav
train,Bark,../../Datasets/FSDKaggle2018/Spec_5_second_npy/Bark/d835b7ea.npy,../../Datasets/FSDKaggle2018/Sorted/Bark/d835b7ea.wav
train,Bark,../../Datasets/FSDKaggle2018/Spec_5_second_npy/Bark/7f70f1a1.npy,../../Datasets/FSDKaggle2018/Sorted/Bark/7f70f1a1.wav
train,Bark,../../Datasets/FSDKaggle2018/Spec_5_second_npy/Bark/cce9ee09.npy,../../Datasets/FSDKaggle2018/Sorted/Bark/cce9ee09.wav
train,Bark,../../Datasets/FSDKaggle2018/Spec_5_second_npy/Bark/3a7f4b9f.npy,../../Datasets/FSDKaggle2018/Sorted/Bark/3a7f4b9f.wav
train,Bark,../../Datasets/FSDKaggle2018/Spec_5_second_npy/Bark/fbd280bc.npy,../../Datasets/FSDKaggle2018/Sorted/Bark/fbd280bc.wav
train,Bark,../../Datasets/FSDKaggle2018/Spec_5_second_npy/Bark/9f6070d8.npy,../../Datasets/FSDKaggle2018/Sorted/Bark/9f6070d8.wav
train,Bark,../../Datasets/FSDKaggle2018/Spec_5_second_npy/Bark/e1a2b50a.npy,../../Datasets/FSDKaggle2018/Sorted/Bark/e1a2b50a.wav
train,Bark,../../Datasets/FSDKaggle2018/Spec_5_second_npy/Bark/a49d8f2d.npy,../../Datasets/FSDKaggle2018/Sorted/Bark/a49d8f2d.wav
train,Bark,../../Datasets/FSDKaggle2018/Spec_5_second_npy/Bark/db7faa42.npy,../../Datasets/FSDKaggle2018/Sorted/Bark/db7faa42.wav
train,Bark,../../Datasets/FSDKaggle2018/Spec_5_second_npy/Bark/391dea43.npy,../../Datasets/FSDKaggle2018/Sorted/Bark/391dea43.wav
train,Bark,../../Datasets/FSDKaggle2018/Spec_5_second_npy/Bark/14e1442c.npy,../../Datasets/FSDKaggle2018/Sorted/Bark/14e1442c.wav
train,Bark,../../Datasets/FSDKaggle2018/Spec_5_second_npy/Bark/9628f165.npy,../../Datasets/FSDKaggle2018/Sorted/Bark/9628f165.wav
train,Bark,../../Datasets/FSDKaggle2018/Spec_5_second_npy/Bark/87a12c75.npy,../../Datasets/FSDKaggle2018/Sorted/Bark/87a12c75.wav
train,Bass_drum,../../Datasets/FSDKaggle2018/Spec_5_second_npy/Bass_drum/e2e24e19.npy,../../Datasets/FSDKaggle2018/Sorted/Bass_drum/e2e24e19.wav
train,Bass_drum,../../Datasets/FSDKaggle2018/Spec_5_second_npy/Bass_drum/7b27bd7b.npy,../../Datasets/FSDKaggle2018/Sorted/Bass_drum/7b27bd7b.wav
train,Bass_drum,../../Datasets/FSDKaggle2018/Spec_5_second_npy/Bass_drum/f798876b.npy,../../Datasets/FSDKaggle2018/Sorted/Bass_drum/f798876b.wav
train,Bass_drum,../../Datasets/FSDKaggle2018/Spec_5_second_npy/Bass_drum/368137a8.npy,../../Datasets/FSDKaggle2018/Sorted/Bass_drum/368137a8.wav
train,Bass_drum,../../Datasets/FSDKaggle2018/Spec_5_second_npy/Bass_drum/1314cdad.npy,../../Datasets/FSDKaggle2018/Sorted/Bass_drum/1314cdad.wav
train,Bass_drum,../../Datasets/FSDKaggle2018/Spec_5_second_npy/Bass_drum/5283a183.npy,../../Datasets/FSDKaggle2018/Sorted/Bass_drum/5283a183.wav
train,Bass_drum,../../Datasets/FSDKaggle2018/Spec_5_second_npy/Bass_drum/1b7b6f2d.npy,../../Datasets/FSDKaggle2018/Sorted/Bass_drum/1b7b6f2d.wav
train,Bass_drum,../../Datasets/FSDKaggle2018/Spec_5_second_npy/Bass_drum/ea6cb757.npy,../../Datasets/FSDKaggle2018/Sorted/Bass_drum/ea6cb757.wav
train,Bass_drum,../../Datasets/FSDKaggle2018/Spec_5_second_npy/Bass_drum/cc93c704.npy,../../Datasets/FSDKaggle2018/Sorted/Bass_drum/cc93c704.wav
train,Bass_drum,../../Datasets/FSDKaggle2018/Spec_5_second_npy/Bass_drum/6aa010f1.npy,../../Datasets/FSDKaggle2018/Sorted/Bass_drum/6aa010f1.wav
train,Bass_drum,../../Datasets/FSDKaggle2018/Spec_5_second_npy/Bass_drum/ca3f3698.npy,../../Datasets/FSDKaggle2018/Sorted/Bass_drum/ca3f3698.wav
train,Bass_drum,../../Datasets/FSDKaggle2018/Spec_5_second_npy/Bass_drum/c6b3f234.npy,../../Datasets/FSDKaggle2018/Sorted/Bass_drum/c6b3f234.wav
train,Bass_drum,../../Datasets/FSDKaggle2018/Spec_5_second_npy/Bass_drum/b0ae2253.npy,../../Datasets/FSDKaggle2018/Sorted/Bass_drum/b0ae2253.wav
train,Bass_drum,../../Datasets/FSDKaggle2018/Spec_5_second_npy/Bass_drum/b5eba1b8.npy,../../Datasets/FSDKaggle2018/Sorted/Bass_drum/b5eba1b8.wav
train,Bass_drum,../../Datasets/FSDKaggle2018/Spec_5_second_npy/Bass_drum/0aff3cde.npy,../../Datasets/FSDKaggle2018/Sorted/Bass_drum/0aff3cde.wav
train,Bass_drum,../../Datasets/FSDKaggle2018/Spec_5_second_npy/Bass_drum/7804530e.npy,../../Datasets/FSDKaggle2018/Sorted/Bass_drum/7804530e.wav
train,Burping_or_eructation,../../Datasets/FSDKaggle2018/Spec_5_second_npy/Burping_or_eructation/9a72318a.npy,../../Datasets/FSDKaggle2018/Sorted/Burping_or_eructation/9a72318a.wav
train,Burping_or_eructation,../../Datasets/FSDKaggle2018/Spec_5_second_npy/Burping_or_eructation/8b12ea14.npy,../../Datasets/FSDKaggle2018/Sorted/Burping_or_eructation/8b12ea14.wav
train,Burping_or_eructation,../../Datasets/FSDKaggle2018/Spec_5_second_npy/Burping_or_eructation/fa6b48ee.npy,../../Datasets/FSDKaggle2018/Sorted/Burping_or_eructation/fa6b48ee.wav
train,Burping_or_eructation,../../Datasets/FSDKaggle2018/Spec_5_second_npy/Burping_or_eructation/9da5d791.npy,../../Datasets/FSDKaggle2018/Sorted/Burping_or_eructation/9da5d791.wav
train,Burping_or_eructation,../../Datasets/FSDKaggle2018/Spec_5_second_npy/Burping_or_eructation/04cce777.npy,../../Datasets/FSDKaggle2018/Sorted/Burping_or_eructation/04cce777.wav
train,Burping_or_eructation,../../Datasets/FSDKaggle2018/Spec_5_second_npy/Burping_or_eructation/7390ae7a.npy,../../Datasets/FSDKaggle2018/Sorted/Burping_or_eructation/7390ae7a.wav
train,Burping_or_eructation,../../Datasets/FSDKaggle2018/Spec_5_second_npy/Burping_or_eructation/69dad1d3.npy,../../Datasets/FSDKaggle2018/Sorted/Burping_or_eructation/69dad1d3.wav
train,Burping_or_eructation,../../Datasets/FSDKaggle2018/Spec_5_second_npy/Burping_or_eructation/1661aa86.npy,../../Datasets/FSDKaggle2018/Sorted/Burping_or_eructation/1661aa86.wav
train,Burping_or_eructation,../../Datasets/FSDKaggle2018/Spec_5_second_npy/Burping_or_eructation/79fd94aa.npy,../../Datasets/FSDKaggle2018/Sorted/Burping_or_eructation/79fd94aa.wav
train,Burping_or_eructation,../../Datasets/FSDKaggle2018/Spec_5_second_npy/Burping_or_eructation/1b34065d.npy,../../Datasets/FSDKaggle2018/Sorted/Burping_or_eructation/1b34065d.wav
train,Burping_or_eructation,../../Datasets/FSDKaggle2018/Spec_5_second_npy/Burping_or_eructation/d81a8b02.npy,../../Datasets/FSDKaggle2018/Sorted/Burping_or_eructation/d81a8b02.wav
train,Burping_or_eructation,../../Datasets/FSDKaggle2018/Spec_5_second_npy/Burping_or_eructation/b065f456.npy,../../Datasets/FSDKaggle2018/Sorted/Burping_or_eructation/b065f456.wav
train,Burping_or_eructation,../../Datasets/FSDKaggle2018/Spec_5_second_npy/Burping_or_eructation/60c03b3e.npy,../../Datasets/FSDKaggle2018/Sorted/Burping_or_eructation/60c03b3e.wav
train,Burping_or_eructation,../../Datasets/FSDKaggle2018/Spec_5_second_npy/Burping_or_eructation/36ba581c.npy,../../Datasets/FSDKaggle2018/Sorted/Burping_or_eructation/36ba581c.wav
train,Burping_or_eructation,../../Datasets/FSDKaggle2018/Spec_5_second_npy/Burping_or_eructation/151a56b3.npy,../../Datasets/FSDKaggle2018/Sorted/Burping_or_eructation/151a56b3.wav
train,Burping_or_eructation,../../Datasets/FSDKaggle2018/Spec_5_second_npy/Burping_or_eructation/6f71c89b.npy,../../Datasets/FSDKaggle2018/Sorted/Burping_or_eructation/6f71c89b.wav
train,Bus,../../Datasets/FSDKaggle2018/Spec_5_second_npy/Bus/15d88b9d.npy,../../Datasets/FSDKaggle2018/Sorted/Bus/15d88b9d.wav
train,Bus,../../Datasets/FSDKaggle2018/Spec_5_second_npy/Bus/e61dfe87.npy,../../Datasets/FSDKaggle2018/Sorted/Bus/e61dfe87.wav
train,Bus,../../Datasets/FSDKaggle2018/Spec_5_second_npy/Bus/b51009db.npy,../../Datasets/FSDKaggle2018/Sorted/Bus/b51009db.wav
train,Bus,../../Datasets/FSDKaggle2018/Spec_5_second_npy/Bus/5c5df58c.npy,../../Datasets/FSDKaggle2018/Sorted/Bus/5c5df58c.wav
train,Bus,../../Datasets/FSDKaggle2018/Spec_5_second_npy/Bus/ee289465.npy,../../Datasets/FSDKaggle2018/Sorted/Bus/ee289465.wav
train,Bus,../../Datasets/FSDKaggle2018/Spec_5_second_npy/Bus/06775f3c.npy,../../Datasets/FSDKaggle2018/Sorted/Bus/06775f3c.wav
train,Bus,../../Datasets/FSDKaggle2018/Spec_5_second_npy/Bus/1c3b61c8.npy,../../Datasets/FSDKaggle2018/Sorted/Bus/1c3b61c8.wav
train,Bus,../../Datasets/FSDKaggle2018/Spec_5_second_npy/Bus/f375fc64.npy,../../Datasets/FSDKaggle2018/Sorted/Bus/f375fc64.wav
train,Bus,../../Datasets/FSDKaggle2018/Spec_5_second_npy/Bus/7c9fb8d6.npy,../../Datasets/FSDKaggle2018/Sorted/Bus/7c9fb8d6.wav
train,Bus,../../Datasets/FSDKaggle2018/Spec_5_second_npy/Bus/61a2bd86.npy,../../Datasets/FSDKaggle2018/Sorted/Bus/61a2bd86.wav
train,Bus,../../Datasets/FSDKaggle2018/Spec_5_second_npy/Bus/6e78afc3.npy,../../Datasets/FSDKaggle2018/Sorted/Bus/6e78afc3.wav
train,Bus,../../Datasets/FSDKaggle2018/Spec_5_second_npy/Bus/2094a55d.npy,../../Datasets/FSDKaggle2018/Sorted/Bus/2094a55d.wav
train,Bus,../../Datasets/FSDKaggle2018/Spec_5_second_npy/Bus/a32de63e.npy,../../Datasets/FSDKaggle2018/Sorted/Bus/a32de63e.wav
train,Bus,../../Datasets/FSDKaggle2018/Spec_5_second_npy/Bus/386b8fc7.npy,../../Datasets/FSDKaggle2018/Sorted/Bus/386b8fc7.wav
train,Bus,../../Datasets/FSDKaggle2018/Spec_5_second_npy/Bus/419ea7d6.npy,../../Datasets/FSDKaggle2018/Sorted/Bus/419ea7d6.wav
train,Bus,../../Datasets/FSDKaggle2018/Spec_5_second_npy/Bus/3c210ce3.npy,../../Datasets/FSDKaggle2018/Sorted/Bus/3c210ce3.wav
train,Cello,../../Datasets/FSDKaggle2018/Spec_5_second_npy/Cello/05561612.npy,../../Datasets/FSDKaggle2018/Sorted/Cello/05561612.wav
train,Cello,../../Datasets/FSDKaggle2018/Spec_5_second_npy/Cello/b37b60fb.npy,../../Datasets/FSDKaggle2018/Sorted/Cello/b37b60fb.wav
train,Cello,../../Datasets/FSDKaggle2018/Spec_5_second_npy/Cello/cc7ba40a.npy,../../Datasets/FSDKaggle2018/Sorted/Cello/cc7ba40a.wav
train,Cello,../../Datasets/FSDKaggle2018/Spec_5_second_npy/Cello/2da9e12a.npy,../../Datasets/FSDKaggle2018/Sorted/Cello/2da9e12a.wav
train,Cello,../../Datasets/FSDKaggle2018/Spec_5_second_npy/Cello/2b315768.npy,../../Datasets/FSDKaggle2018/Sorted/Cello/2b315768.wav
train,Cello,../../Datasets/FSDKaggle2018/Spec_5_second_npy/Cello/91f4fbbe.npy,../../Datasets/FSDKaggle2018/Sorted/Cello/91f4fbbe.wav
train,Cello,../../Datasets/FSDKaggle2018/Spec_5_second_npy/Cello/cc9ddcf7.npy,../../Datasets/FSDKaggle2018/Sorted/Cello/cc9ddcf7.wav
train,Cello,../../Datasets/FSDKaggle2018/Spec_5_second_npy/Cello/766d2f81.npy,../../Datasets/FSDKaggle2018/Sorted/Cello/766d2f81.wav
train,Cello,../../Datasets/FSDKaggle2018/Spec_5_second_npy/Cello/31dbc5c0.npy,../../Datasets/FSDKaggle2018/Sorted/Cello/31dbc5c0.wav
train,Cello,../../Datasets/FSDKaggle2018/Spec_5_second_npy/Cello/2174fe5c.npy,../../Datasets/FSDKaggle2018/Sorted/Cello/2174fe5c.wav
train,Cello,../../Datasets/FSDKaggle2018/Spec_5_second_npy/Cello/acdb405a.npy,../../Datasets/FSDKaggle2018/Sorted/Cello/acdb405a.wav
train,Cello,../../Datasets/FSDKaggle2018/Spec_5_second_npy/Cello/ce6859a8.npy,../../Datasets/FSDKaggle2018/Sorted/Cello/ce6859a8.wav
train,Cello,../../Datasets/FSDKaggle2018/Spec_5_second_npy/Cello/f8db434b.npy,../../Datasets/FSDKaggle2018/Sorted/Cello/f8db434b.wav
train,Cello,../../Datasets/FSDKaggle2018/Spec_5_second_npy/Cello/fecb559e.npy,../../Datasets/FSDKaggle2018/Sorted/Cello/fecb559e.wav
train,Cello,../../Datasets/FSDKaggle2018/Spec_5_second_npy/Cello/6a210ffa.npy,../../Datasets/FSDKaggle2018/Sorted/Cello/6a210ffa.wav
train,Cello,../../Datasets/FSDKaggle2018/Spec_5_second_npy/Cello/2f6c4dec.npy,../../Datasets/FSDKaggle2018/Sorted/Cello/2f6c4dec.wav
train,Chime,../../Datasets/FSDKaggle2018/Spec_5_second_npy/Chime/68178f77.npy,../../Datasets/FSDKaggle2018/Sorted/Chime/68178f77.wav
train,Chime,../../Datasets/FSDKaggle2018/Spec_5_second_npy/Chime/8db20ce5.npy,../../Datasets/FSDKaggle2018/Sorted/Chime/8db20ce5.wav
train,Chime,../../Datasets/FSDKaggle2018/Spec_5_second_npy/Chime/e30cb7d5.npy,../../Datasets/FSDKaggle2018/Sorted/Chime/e30cb7d5.wav
train,Chime,../../Datasets/FSDKaggle2018/Spec_5_second_npy/Chime/a54169b3.npy,../../Datasets/FSDKaggle2018/Sorted/Chime/a54169b3.wav
train,Chime,../../Datasets/FSDKaggle2018/Spec_5_second_npy/Chime/8008d62d.npy,../../Datasets/FSDKaggle2018/Sorted/Chime/8008d62d.wav
train,Chime,../../Datasets/FSDKaggle2018/Spec_5_second_npy/Chime/4880f8bf.npy,../../Datasets/FSDKaggle2018/Sorted/Chime/4880f8bf.wav
train,Chime,../../Datasets/FSDKaggle2018/Spec_5_second_npy/Chime/e820a056.npy,../../Datasets/FSDKaggle2018/Sorted/Chime/e820a056.wav
train,Chime,../../Datasets/FSDKaggle2018/Spec_5_second_npy/Chime/751a5a36.npy,../../Datasets/FSDKaggle2018/Sorted/Chime/751a5a36.wav
train,Chime,../../Datasets/FSDKaggle2018/Spec_5_second_npy/Chime/42cb4b7d.npy,../../Datasets/FSDKaggle2018/Sorted/Chime/42cb4b7d.wav
train,Chime,../../Datasets/FSDKaggle2018/Spec_5_second_npy/Chime/16d8450e.npy,../../Datasets/FSDKaggle2018/Sorted/Chime/16d8450e.wav
train,Chime,../../Datasets/FSDKaggle2018/Spec_5_second_npy/Chime/babe29ad.npy,../../Datasets/FSDKaggle2018/Sorted/Chime/babe29ad.wav
train,Chime,../../Datasets/FSDKaggle2018/Spec_5_second_npy/Chime/541f7fd3.npy,../../Datasets/FSDKaggle2018/Sorted/Chime/541f7fd3.wav
train,Chime,../../Datasets/FSDKaggle2018/Spec_5_second_npy/Chime/33b21489.npy,../../Datasets/FSDKaggle2018/Sorted/Chime/33b21489.wav
train,Chime,../../Datasets/FSDKaggle2018/Spec_5_second_npy/Chime/e63098c2.npy,../../Datasets/FSDKaggle2018/Sorted/Chime/e63098c2.wav
train,Chime,../../Datasets/FSDKaggle2018/Spec_5_second_npy/Chime/a4c78d41.npy,../../Datasets/FSDKaggle2018/Sorted/Chime/a4c78d41.wav
train,Chime,../../Datasets/FSDKaggle2018/Spec_5_second_npy/Chime/9578a624.npy,../../Datasets/FSDKaggle2018/Sorted/Chime/9578a624.wav
train,Clarinet,../../Datasets/FSDKaggle2018/Spec_5_second_npy/Clarinet/b0c06255.npy,../../Datasets/FSDKaggle2018/Sorted/Clarinet/b0c06255.wav
train,Clarinet,../../Datasets/FSDKaggle2018/Spec_5_second_npy/Clarinet/a64a3740.npy,../../Datasets/FSDKaggle2018/Sorted/Clarinet/a64a3740.wav
train,Clarinet,../../Datasets/FSDKaggle2018/Spec_5_second_npy/Clarinet/4e82d86d.npy,../../Datasets/FSDKaggle2018/Sorted/Clarinet/4e82d86d.wav
train,Clarinet,../../Datasets/FSDKaggle2018/Spec_5_second_npy/Clarinet/24ba0ef2.npy,../../Datasets/FSDKaggle2018/Sorted/Clarinet/24ba0ef2.wav
train,Clarinet,../../Datasets/FSDKaggle2018/Spec_5_second_npy/Clarinet/8aaada9f.npy,../../Datasets/FSDKaggle2018/Sorted/Clarinet/8aaada9f.wav
train,Clarinet,../../Datasets/FSDKaggle2018/Spec_5_second_npy/Clarinet/5a55b3dd.npy,../../Datasets/FSDKaggle2018/Sorted/Clarinet/5a55b3dd.wav
train,Clarinet,../../Datasets/FSDKaggle2018/Spec_5_second_npy/Clarinet/2979f92a.npy,../../Datasets/FSDKaggle2018/Sorted/Clarinet/2979f92a.wav
train,Clarinet,../../Datasets/FSDKaggle2018/Spec_5_second_npy/Clarinet/66c39830.npy,../../Datasets/FSDKaggle2018/Sorted/Clarinet/66c39830.wav
train,Clarinet,../../Datasets/FSDKaggle2018/Spec_5_second_npy/Clarinet/dcc7acba.npy,../../Datasets/FSDKaggle2018/Sorted/Clarinet/dcc7acba.wav
train,Clarinet,../../Datasets/FSDKaggle2018/Spec_5_second_npy/Clarinet/8ee44fb5.npy,../../Datasets/FSDKaggle2018/Sorted/Clarinet/8ee44fb5.wav
train,Clarinet,../../Datasets/FSDKaggle2018/Spec_5_second_npy/Clarinet/16d21bca.npy,../../Datasets/FSDKaggle2018/Sorted/Clarinet/16d21bca.wav
train,Clarinet,../../Datasets/FSDKaggle2018/Spec_5_second_npy/Clarinet/9c13c0f4.npy,../../Datasets/FSDKaggle2018/Sorted/Clarinet/9c13c0f4.wav
train,Clarinet,../../Datasets/FSDKaggle2018/Spec_5_second_npy/Clarinet/3505e582.npy,../../Datasets/FSDKaggle2018/Sorted/Clarinet/3505e582.wav
train,Clarinet,../../Datasets/FSDKaggle2018/Spec_5_second_npy/Clarinet/f82caa0e.npy,../../Datasets/FSDKaggle2018/Sorted/Clarinet/f82caa0e.wav
train,Clarinet,../../Datasets/FSDKaggle2018/Spec_5_second_npy/Clarinet/89f33989.npy,../../Datasets/FSDKaggle2018/Sorted/Clarinet/89f33989.wav
train,Clarinet,../../Datasets/FSDKaggle2018/Spec_5_second_npy/Clarinet/b742c26a.npy,../../Datasets/FSDKaggle2018/Sorted/Clarinet/b742c26a.wav
train,Computer_keyboard,../../Datasets/FSDKaggle2018/Spec_5_second_npy/Computer_keyboard/ba7151cd.npy,../../Datasets/FSDKaggle2018/Sorted/Computer_keyboard/ba7151cd.wav
train,Computer_keyboard,../../Datasets/FSDKaggle2018/Spec_5_second_npy/Computer_keyboard/a9bd898d.npy,../../Datasets/FSDKaggle2018/Sorted/Computer_keyboard/a9bd898d.wav
train,Computer_keyboard,../../Datasets/FSDKaggle2018/Spec_5_second_npy/Computer_keyboard/e0862ccc.npy,../../Datasets/FSDKaggle2018/Sorted/Computer_keyboard/e0862ccc.wav
train,Computer_keyboard,../../Datasets/FSDKaggle2018/Spec_5_second_npy/Computer_keyboard/1de324d8.npy,../../Datasets/FSDKaggle2018/Sorted/Computer_keyboard/1de324d8.wav
train,Computer_keyboard,../../Datasets/FSDKaggle2018/Spec_5_second_npy/Computer_keyboard/a4f2be4f.npy,../../Datasets/FSDKaggle2018/Sorted/Computer_keyboard/a4f2be4f.wav
train,Computer_keyboard,../../Datasets/FSDKaggle2018/Spec_5_second_npy/Computer_keyboard/060b8c30.npy,../../Datasets/FSDKaggle2018/Sorted/Computer_keyboard/060b8c30.wav
train,Computer_keyboard,../../Datasets/FSDKaggle2018/Spec_5_second_npy/Computer_keyboard/d9ece336.npy,../../Datasets/FSDKaggle2018/Sorted/Computer_keyboard/d9ece336.wav
train,Computer_keyboard,../../Datasets/FSDKaggle2018/Spec_5_second_npy/Computer_keyboard/56ebef58.npy,../../Datasets/FSDKaggle2018/Sorted/Computer_keyboard/56ebef58.wav
train,Computer_keyboard,../../Datasets/FSDKaggle2018/Spec_5_second_npy/Computer_keyboard/169192c3.npy,../../Datasets/FSDKaggle2018/Sorted/Computer_keyboard/169192c3.wav
train,Computer_keyboard,../../Datasets/FSDKaggle2018/Spec_5_second_npy/Computer_keyboard/639573a0.npy,../../Datasets/FSDKaggle2018/Sorted/Computer_keyboard/639573a0.wav
train,Computer_keyboard,../../Datasets/FSDKaggle2018/Spec_5_second_npy/Computer_keyboard/4f077f1b.npy,../../Datasets/FSDKaggle2018/Sorted/Computer_keyboard/4f077f1b.wav
train,Computer_keyboard,../../Datasets/FSDKaggle2018/Spec_5_second_npy/Computer_keyboard/438b6454.npy,../../Datasets/FSDKaggle2018/Sorted/Computer_keyboard/438b6454.wav
train,Computer_keyboard,../../Datasets/FSDKaggle2018/Spec_5_second_npy/Computer_keyboard/91809693.npy,../../Datasets/FSDKaggle2018/Sorted/Computer_keyboard/91809693.wav
train,Computer_keyboard,../../Datasets/FSDKaggle2018/Spec_5_second_npy/Computer_keyboard/62992353.npy,../../Datasets/FSDKaggle2018/Sorted/Computer_keyboard/62992353.wav
train,Computer_keyboard,../../Datasets/FSDKaggle2018/Spec_5_second_npy/Computer_keyboard/45539540.npy,../../Datasets/FSDKaggle2018/Sorted/Computer_keyboard/45539540.wav
train,Computer_keyboard,../../Datasets/FSDKaggle2018/Spec_5_second_npy/Computer_keyboard/b51a5a03.npy,../../Datasets/FSDKaggle2018/Sorted/Computer_keyboard/b51a5a03.wav
train,Cough,../../Datasets/FSDKaggle2018/Spec_5_second_npy/Cough/dfec892c.npy,../../Datasets/FSDKaggle2018/Sorted/Cough/dfec892c.wav
train,Cough,../../Datasets/FSDKaggle2018/Spec_5_second_npy/Cough/1775d5a0.npy,../../Datasets/FSDKaggle2018/Sorted/Cough/1775d5a0.wav
train,Cough,../../Datasets/FSDKaggle2018/Spec_5_second_npy/Cough/1a86eff7.npy,../../Datasets/FSDKaggle2018/Sorted/Cough/1a86eff7.wav
train,Cough,../../Datasets/FSDKaggle2018/Spec_5_second_npy/Cough/540226e3.npy,../../Datasets/FSDKaggle2018/Sorted/Cough/540226e3.wav
train,Cough,../../Datasets/FSDKaggle2018/Spec_5_second_npy/Cough/aeef4dcd.npy,../../Datasets/FSDKaggle2018/Sorted/Cough/aeef4dcd.wav
train,Cough,../../Datasets/FSDKaggle2018/Spec_5_second_npy/Cough/604e28b1.npy,../../Datasets/FSDKaggle2018/Sorted/Cough/604e28b1.wav
train,Cough,../../Datasets/FSDKaggle2018/Spec_5_second_npy/Cough/266a279f.npy,../../Datasets/FSDKaggle2018/Sorted/Cough/266a279f.wav
train,Cough,../../Datasets/FSDKaggle2018/Spec_5_second_npy/Cough/bea68b34.npy,../../Datasets/FSDKaggle2018/Sorted/Cough/bea68b34.wav
train,Cough,../../Datasets/FSDKaggle2018/Spec_5_second_npy/Cough/430902a2.npy,../../Datasets/FSDKaggle2018/Sorted/Cough/430902a2.wav
train,Cough,../../Datasets/FSDKaggle2018/Spec_5_second_npy/Cough/f08d2ce5.npy,../../Datasets/FSDKaggle2018/Sorted/Cough/f08d2ce5.wav
train,Cough,../../Datasets/FSDKaggle2018/Spec_5_second_npy/Cough/047b3d34.npy,../../Datasets/FSDKaggle2018/Sorted/Cough/047b3d34.wav
train,Cough,../../Datasets/FSDKaggle2018/Spec_5_second_npy/Cough/59107829.npy,../../Datasets/FSDKaggle2018/Sorted/Cough/59107829.wav
train,Cough,../../Datasets/FSDKaggle2018/Spec_5_second_npy/Cough/fff81f55.npy,../../Datasets/FSDKaggle2018/Sorted/Cough/fff81f55.wav
train,Cough,../../Datasets/FSDKaggle2018/Spec_5_second_npy/Cough/819f0f9d.npy,../../Datasets/FSDKaggle2018/Sorted/Cough/819f0f9d.wav
train,Cough,../../Datasets/FSDKaggle2018/Spec_5_second_npy/Cough/bb495a62.npy,../../Datasets/FSDKaggle2018/Sorted/Cough/bb495a62.wav
train,Cough,../../Datasets/FSDKaggle2018/Spec_5_second_npy/Cough/6efdf654.npy,../../Datasets/FSDKaggle2018/Sorted/Cough/6efdf654.wav
train,Cowbell,../../Datasets/FSDKaggle2018/Spec_5_second_npy/Cowbell/d2ee3f11.npy,../../Datasets/FSDKaggle2018/Sorted/Cowbell/d2ee3f11.wav
train,Cowbell,../../Datasets/FSDKaggle2018/Spec_5_second_npy/Cowbell/b389c99c.npy,../../Datasets/FSDKaggle2018/Sorted/Cowbell/b389c99c.wav
train,Cowbell,../../Datasets/FSDKaggle2018/Spec_5_second_npy/Cowbell/a476e03f.npy,../../Datasets/FSDKaggle2018/Sorted/Cowbell/a476e03f.wav
train,Cowbell,../../Datasets/FSDKaggle2018/Spec_5_second_npy/Cowbell/adbf84f5.npy,../../Datasets/FSDKaggle2018/Sorted/Cowbell/adbf84f5.wav
train,Cowbell,../../Datasets/FSDKaggle2018/Spec_5_second_npy/Cowbell/47a42a02.npy,../../Datasets/FSDKaggle2018/Sorted/Cowbell/47a42a02.wav
train,Cowbell,../../Datasets/FSDKaggle2018/Spec_5_second_npy/Cowbell/7ac649fa.npy,../../Datasets/FSDKaggle2018/Sorted/Cowbell/7ac649fa.wav
train,Cowbell,../../Datasets/FSDKaggle2018/Spec_5_second_npy/Cowbell/431a2c13.npy,../../Datasets/FSDKaggle2018/Sorted/Cowbell/431a2c13.wav
train,Cowbell,../../Datasets/FSDKaggle2018/Spec_5_second_npy/Cowbell/2e276aaa.npy,../../Datasets/FSDKaggle2018/Sorted/Cowbell/2e276aaa.wav
train,Cowbell,../../Datasets/FSDKaggle2018/Spec_5_second_npy/Cowbell/da4b0502.npy,../../Datasets/FSDKaggle2018/Sorted/Cowbell/da4b0502.wav
train,Cowbell,../../Datasets/FSDKaggle2018/Spec_5_second_npy/Cowbell/74c75bde.npy,../../Datasets/FSDKaggle2018/Sorted/Cowbell/74c75bde.wav
train,Cowbell,../../Datasets/FSDKaggle2018/Spec_5_second_npy/Cowbell/03586ad9.npy,../../Datasets/FSDKaggle2018/Sorted/Cowbell/03586ad9.wav
train,Cowbell,../../Datasets/FSDKaggle2018/Spec_5_second_npy/Cowbell/3ab2be0f.npy,../../Datasets/FSDKaggle2018/Sorted/Cowbell/3ab2be0f.wav
train,Cowbell,../../Datasets/FSDKaggle2018/Spec_5_second_npy/Cowbell/2d2ad4e4.npy,../../Datasets/FSDKaggle2018/Sorted/Cowbell/2d2ad4e4.wav
train,Cowbell,../../Datasets/FSDKaggle2018/Spec_5_second_npy/Cowbell/06d2b52b.npy,../../Datasets/FSDKaggle2018/Sorted/Cowbell/06d2b52b.wav
train,Cowbell,../../Datasets/FSDKaggle2018/Spec_5_second_npy/Cowbell/0a6bba04.npy,../../Datasets/FSDKaggle2018/Sorted/Cowbell/0a6bba04.wav
train,Cowbell,../../Datasets/FSDKaggle2018/Spec_5_second_npy/Cowbell/50d300d1.npy,../../Datasets/FSDKaggle2018/Sorted/Cowbell/50d300d1.wav
train,Double_bass,../../Datasets/FSDKaggle2018/Spec_5_second_npy/Double_bass/f42056cc.npy,../../Datasets/FSDKaggle2018/Sorted/Double_bass/f42056cc.wav
train,Double_bass,../../Datasets/FSDKaggle2018/Spec_5_second_npy/Double_bass/b469f417.npy,../../Datasets/FSDKaggle2018/Sorted/Double_bass/b469f417.wav
train,Double_bass,../../Datasets/FSDKaggle2018/Spec_5_second_npy/Double_bass/3a151889.npy,../../Datasets/FSDKaggle2018/Sorted/Double_bass/3a151889.wav
train,Double_bass,../../Datasets/FSDKaggle2018/Spec_5_second_npy/Double_bass/ecb6ac6f.npy,../../Datasets/FSDKaggle2018/Sorted/Double_bass/ecb6ac6f.wav
train,Double_bass,../../Datasets/FSDKaggle2018/Spec_5_second_npy/Double_bass/967e7193.npy,../../Datasets/FSDKaggle2018/Sorted/Double_bass/967e7193.wav
train,Double_bass,../../Datasets/FSDKaggle2018/Spec_5_second_npy/Double_bass/80158b0d.npy,../../Datasets/FSDKaggle2018/Sorted/Double_bass/80158b0d.wav
train,Double_bass,../../Datasets/FSDKaggle2018/Spec_5_second_npy/Double_bass/2137ed0e.npy,../../Datasets/FSDKaggle2018/Sorted/Double_bass/2137ed0e.wav
train,Double_bass,../../Datasets/FSDKaggle2018/Spec_5_second_npy/Double_bass/d3a64b56.npy,../../Datasets/FSDKaggle2018/Sorted/Double_bass/d3a64b56.wav
train,Double_bass,../../Datasets/FSDKaggle2018/Spec_5_second_npy/Double_bass/3846f2fa.npy,../../Datasets/FSDKaggle2018/Sorted/Double_bass/3846f2fa.wav
train,Double_bass,../../Datasets/FSDKaggle2018/Spec_5_second_npy/Double_bass/e0c92985.npy,../../Datasets/FSDKaggle2018/Sorted/Double_bass/e0c92985.wav
train,Double_bass,../../Datasets/FSDKaggle2018/Spec_5_second_npy/Double_bass/9cb91ac4.npy,../../Datasets/FSDKaggle2018/Sorted/Double_bass/9cb91ac4.wav
train,Double_bass,../../Datasets/FSDKaggle2018/Spec_5_second_npy/Double_bass/fed5f0e6.npy,../../Datasets/FSDKaggle2018/Sorted/Double_bass/fed5f0e6.wav
train,Double_bass,../../Datasets/FSDKaggle2018/Spec_5_second_npy/Double_bass/b0b844f6.npy,../../Datasets/FSDKaggle2018/Sorted/Double_bass/b0b844f6.wav
train,Double_bass,../../Datasets/FSDKaggle2018/Spec_5_second_npy/Double_bass/ca348cbb.npy,../../Datasets/FSDKaggle2018/Sorted/Double_bass/ca348cbb.wav
train,Double_bass,../../Datasets/FSDKaggle2018/Spec_5_second_npy/Double_bass/444f9db5.npy,../../Datasets/FSDKaggle2018/Sorted/Double_bass/444f9db5.wav
train,Double_bass,../../Datasets/FSDKaggle2018/Spec_5_second_npy/Double_bass/4fd883bb.npy,../../Datasets/FSDKaggle2018/Sorted/Double_bass/4fd883bb.wav
train,Drawer_open_or_close,../../Datasets/FSDKaggle2018/Spec_5_second_npy/Drawer_open_or_close/49c9d9b9.npy,../../Datasets/FSDKaggle2018/Sorted/Drawer_open_or_close/49c9d9b9.wav
train,Drawer_open_or_close,../../Datasets/FSDKaggle2018/Spec_5_second_npy/Drawer_open_or_close/6a92ed21.npy,../../Datasets/FSDKaggle2018/Sorted/Drawer_open_or_close/6a92ed21.wav
train,Drawer_open_or_close,../../Datasets/FSDKaggle2018/Spec_5_second_npy/Drawer_open_or_close/944a111e.npy,../../Datasets/FSDKaggle2018/Sorted/Drawer_open_or_close/944a111e.wav
train,Drawer_open_or_close,../../Datasets/FSDKaggle2018/Spec_5_second_npy/Drawer_open_or_close/84a94600.npy,../../Datasets/FSDKaggle2018/Sorted/Drawer_open_or_close/84a94600.wav
train,Drawer_open_or_close,../../Datasets/FSDKaggle2018/Spec_5_second_npy/Drawer_open_or_close/c17f6da7.npy,../../Datasets/FSDKaggle2018/Sorted/Drawer_open_or_close/c17f6da7.wav
train,Drawer_open_or_close,../../Datasets/FSDKaggle2018/Spec_5_second_npy/Drawer_open_or_close/0d74110a.npy,../../Datasets/FSDKaggle2018/Sorted/Drawer_open_or_close/0d74110a.wav
train,Drawer_open_or_close,../../Datasets/FSDKaggle2018/Spec_5_second_npy/Drawer_open_or_close/d53f97ee.npy,../../Datasets/FSDKaggle2018/Sorted/Drawer_open_or_close/d53f97ee.wav
train,Drawer_open_or_close,../../Datasets/FSDKaggle2018/Spec_5_second_npy/Drawer_open_or_close/13db0700.npy,../../Datasets/FSDKaggle2018/Sorted/Drawer_open_or_close/13db0700.wav
train,Drawer_open_or_close,../../Datasets/FSDKaggle2018/Spec_5_second_npy/Drawer_open_or_close/f2bf7e84.npy,../../Datasets/FSDKaggle2018/Sorted/Drawer_open_or_close/f2bf7e84.wav
train,Drawer_open_or_close,../../Datasets/FSDKaggle2018/Spec_5_second_npy/Drawer_open_or_close/35f6b357.npy,../../Datasets/FSDKaggle2018/Sorted/Drawer_open_or_close/35f6b357.wav
train,Drawer_open_or_close,../../Datasets/FSDKaggle2018/Spec_5_second_npy/Drawer_open_or_close/40ba86f3.npy,../../Datasets/FSDKaggle2018/Sorted/Drawer_open_or_close/40ba86f3.wav
train,Drawer_open_or_close,../../Datasets/FSDKaggle2018/Spec_5_second_npy/Drawer_open_or_close/cdf7e2d6.npy,../../Datasets/FSDKaggle2018/Sorted/Drawer_open_or_close/cdf7e2d6.wav
train,Drawer_open_or_close,../../Datasets/FSDKaggle2018/Spec_5_second_npy/Drawer_open_or_close/96b36461.npy,../../Datasets/FSDKaggle2018/Sorted/Drawer_open_or_close/96b36461.wav
train,Drawer_open_or_close,../../Datasets/FSDKaggle2018/Spec_5_second_npy/Drawer_open_or_close/c71e570a.npy,../../Datasets/FSDKaggle2018/Sorted/Drawer_open_or_close/c71e570a.wav
train,Drawer_open_or_close,../../Datasets/FSDKaggle2018/Spec_5_second_npy/Drawer_open_or_close/bef2e832.npy,../../Datasets/FSDKaggle2018/Sorted/Drawer_open_or_close/bef2e832.wav
train,Drawer_open_or_close,../../Datasets/FSDKaggle2018/Spec_5_second_npy/Drawer_open_or_close/9cdfc973.npy,../../Datasets/FSDKaggle2018/Sorted/Drawer_open_or_close/9cdfc973.wav
train,Electric_piano,../../Datasets/FSDKaggle2018/Spec_5_second_npy/Electric_piano/8f1c2008.npy,../../Datasets/FSDKaggle2018/Sorted/Electric_piano/8f1c2008.wav
train,Electric_piano,../../Datasets/FSDKaggle2018/Spec_5_second_npy/Electric_piano/5950780e.npy,../../Datasets/FSDKaggle2018/Sorted/Electric_piano/5950780e.wav
train,Electric_piano,../../Datasets/FSDKaggle2018/Spec_5_second_npy/Electric_piano/abb3266d.npy,../../Datasets/FSDKaggle2018/Sorted/Electric_piano/abb3266d.wav
train,Electric_piano,../../Datasets/FSDKaggle2018/Spec_5_second_npy/Electric_piano/6ba04f15.npy,../../Datasets/FSDKaggle2018/Sorted/Electric_piano/6ba04f15.wav
train,Electric_piano,../../Datasets/FSDKaggle2018/Spec_5_second_npy/Electric_piano/509755f0.npy,../../Datasets/FSDKaggle2018/Sorted/Electric_piano/509755f0.wav
train,Electric_piano,../../Datasets/FSDKaggle2018/Spec_5_second_npy/Electric_piano/027482e2.npy,../../Datasets/FSDKaggle2018/Sorted/Electric_piano/027482e2.wav
train,Electric_piano,../../Datasets/FSDKaggle2018/Spec_5_second_npy/Electric_piano/1c590c46.npy,../../Datasets/FSDKaggle2018/Sorted/Electric_piano/1c590c46.wav
train,Electric_piano,../../Datasets/FSDKaggle2018/Spec_5_second_npy/Electric_piano/0f2ab678.npy,../../Datasets/FSDKaggle2018/Sorted/Electric_piano/0f2ab678.wav
train,Electric_piano,../../Datasets/FSDKaggle2018/Spec_5_second_npy/Electric_piano/499a352d.npy,../../Datasets/FSDKaggle2018/Sorted/Electric_piano/499a352d.wav
train,Electric_piano,../../Datasets/FSDKaggle2018/Spec_5_second_npy/Electric_piano/44f2161a.npy,../../Datasets/FSDKaggle2018/Sorted/Electric_piano/44f2161a.wav
train,Electric_piano,../../Datasets/FSDKaggle2018/Spec_5_second_npy/Electric_piano/51ffc008.npy,../../Datasets/FSDKaggle2018/Sorted/Electric_piano/51ffc008.wav
train,Electric_piano,../../Datasets/FSDKaggle2018/Spec_5_second_npy/Electric_piano/6506aa35.npy,../../Datasets/FSDKaggle2018/Sorted/Electric_piano/6506aa35.wav
train,Electric_piano,../../Datasets/FSDKaggle2018/Spec_5_second_npy/Electric_piano/1787f4e8.npy,../../Datasets/FSDKaggle2018/Sorted/Electric_piano/1787f4e8.wav
train,Electric_piano,../../Datasets/FSDKaggle2018/Spec_5_second_npy/Electric_piano/ee6fa9f6.npy,../../Datasets/FSDKaggle2018/Sorted/Electric_piano/ee6fa9f6.wav
train,Electric_piano,../../Datasets/FSDKaggle2018/Spec_5_second_npy/Electric_piano/b959e65f.npy,../../Datasets/FSDKaggle2018/Sorted/Electric_piano/b959e65f.wav
train,Electric_piano,../../Datasets/FSDKaggle2018/Spec_5_second_npy/Electric_piano/3ac0c9ea.npy,../../Datasets/FSDKaggle2018/Sorted/Electric_piano/3ac0c9ea.wav
train,Fart,../../Datasets/FSDKaggle2018/Spec_5_second_npy/Fart/8cd1bd28.npy,../../Datasets/FSDKaggle2018/Sorted/Fart/8cd1bd28.wav
train,Fart,../../Datasets/FSDKaggle2018/Spec_5_second_npy/Fart/d4c14be6.npy,../../Datasets/FSDKaggle2018/Sorted/Fart/d4c14be6.wav
train,Fart,../../Datasets/FSDKaggle2018/Spec_5_second_npy/Fart/e6bb8673.npy,../../Datasets/FSDKaggle2018/Sorted/Fart/e6bb8673.wav
train,Fart,../../Datasets/FSDKaggle2018/Spec_5_second_npy/Fart/24addbbc.npy,../../Datasets/FSDKaggle2018/Sorted/Fart/24addbbc.wav
train,Fart,../../Datasets/FSDKaggle2018/Spec_5_second_npy/Fart/c429c0cf.npy,../../Datasets/FSDKaggle2018/Sorted/Fart/c429c0cf.wav
train,Fart,../../Datasets/FSDKaggle2018/Spec_5_second_npy/Fart/ca1b7f0a.npy,../../Datasets/FSDKaggle2018/Sorted/Fart/ca1b7f0a.wav
train,Fart,../../Datasets/FSDKaggle2018/Spec_5_second_npy/Fart/7171c678.npy,../../Datasets/FSDKaggle2018/Sorted/Fart/7171c678.wav
train,Fart,../../Datasets/FSDKaggle2018/Spec_5_second_npy/Fart/6e18d7ed.npy,../../Datasets/FSDKaggle2018/Sorted/Fart/6e18d7ed.wav
train,Fart,../../Datasets/FSDKaggle2018/Spec_5_second_npy/Fart/51711246.npy,../../Datasets/FSDKaggle2018/Sorted/Fart/51711246.wav
train,Fart,../../Datasets/FSDKaggle2018/Spec_5_second_npy/Fart/6325deb1.npy,../../Datasets/FSDKaggle2018/Sorted/Fart/6325deb1.wav
train,Fart,../../Datasets/FSDKaggle2018/Spec_5_second_npy/Fart/5026aa84.npy,../../Datasets/FSDKaggle2018/Sorted/Fart/5026aa84.wav
train,Fart,../../Datasets/FSDKaggle2018/Spec_5_second_npy/Fart/e4966885.npy,../../Datasets/FSDKaggle2018/Sorted/Fart/e4966885.wav
train,Fart,../../Datasets/FSDKaggle2018/Spec_5_second_npy/Fart/3966c159.npy,../../Datasets/FSDKaggle2018/Sorted/Fart/3966c159.wav
train,Fart,../../Datasets/FSDKaggle2018/Spec_5_second_npy/Fart/7811be44.npy,../../Datasets/FSDKaggle2018/Sorted/Fart/7811be44.wav
train,Fart,../../Datasets/FSDKaggle2018/Spec_5_second_npy/Fart/1ecb52f9.npy,../../Datasets/FSDKaggle2018/Sorted/Fart/1ecb52f9.wav
train,Fart,../../Datasets/FSDKaggle2018/Spec_5_second_npy/Fart/ac01e5d5.npy,../../Datasets/FSDKaggle2018/Sorted/Fart/ac01e5d5.wav
train,Finger_snapping,../../Datasets/FSDKaggle2018/Spec_5_second_npy/Finger_snapping/5f011d45.npy,../../Datasets/FSDKaggle2018/Sorted/Finger_snapping/5f011d45.wav
train,Finger_snapping,../../Datasets/FSDKaggle2018/Spec_5_second_npy/Finger_snapping/c03a3077.npy,../../Datasets/FSDKaggle2018/Sorted/Finger_snapping/c03a3077.wav
train,Finger_snapping,../../Datasets/FSDKaggle2018/Spec_5_second_npy/Finger_snapping/70c8917f.npy,../../Datasets/FSDKaggle2018/Sorted/Finger_snapping/70c8917f.wav
train,Finger_snapping,../../Datasets/FSDKaggle2018/Spec_5_second_npy/Finger_snapping/bd6663dc.npy,../../Datasets/FSDKaggle2018/Sorted/Finger_snapping/bd6663dc.wav
train,Finger_snapping,../../Datasets/FSDKaggle2018/Spec_5_second_npy/Finger_snapping/8bff2f37.npy,../../Datasets/FSDKaggle2018/Sorted/Finger_snapping/8bff2f37.wav
train,Finger_snapping,../../Datasets/FSDKaggle2018/Spec_5_second_npy/Finger_snapping/aa3c8d3f.npy,../../Datasets/FSDKaggle2018/Sorted/Finger_snapping/aa3c8d3f.wav
train,Finger_snapping,../../Datasets/FSDKaggle2018/Spec_5_second_npy/Finger_snapping/b2c75333.npy,../../Datasets/FSDKaggle2018/Sorted/Finger_snapping/b2c75333.wav
train,Finger_snapping,../../Datasets/FSDKaggle2018/Spec_5_second_npy/Finger_snapping/c5a9ac99.npy,../../Datasets/FSDKaggle2018/Sorted/Finger_snapping/c5a9ac99.wav
train,Finger_snapping,../../Datasets/FSDKaggle2018/Spec_5_second_npy/Finger_snapping/2a069951.npy,../../Datasets/FSDKaggle2018/Sorted/Finger_snapping/2a069951.wav
train,Finger_snapping,../../Datasets/FSDKaggle2018/Spec_5_second_npy/Finger_snapping/06feb8ea.npy,../../Datasets/FSDKaggle2018/Sorted/Finger_snapping/06feb8ea.wav
train,Finger_snapping,../../Datasets/FSDKaggle2018/Spec_5_second_npy/Finger_snapping/d0893bc2.npy,../../Datasets/FSDKaggle2018/Sorted/Finger_snapping/d0893bc2.wav
train,Finger_snapping,../../Datasets/FSDKaggle2018/Spec_5_second_npy/Finger_snapping/4109784c.npy,../../Datasets/FSDKaggle2018/Sorted/Finger_snapping/4109784c.wav
train,Finger_snapping,../../Datasets/FSDKaggle2018/Spec_5_second_npy/Finger_snapping/f50a3e03.npy,../../Datasets/FSDKaggle2018/Sorted/Finger_snapping/f50a3e03.wav
train,Finger_snapping,../../Datasets/FSDKaggle2018/Spec_5_second_npy/Finger_snapping/badbd98d.npy,../../Datasets/FSDKaggle2018/Sorted/Finger_snapping/badbd98d.wav
train,Finger_snapping,../../Datasets/FSDKaggle2018/Spec_5_second_npy/Finger_snapping/c07962ee.npy,../../Datasets/FSDKaggle2018/Sorted/Finger_snapping/c07962ee.wav
train,Finger_snapping,../../Datasets/FSDKaggle2018/Spec_5_second_npy/Finger_snapping/c724bd21.npy,../../Datasets/FSDKaggle2018/Sorted/Finger_snapping/c724bd21.wav
train,Fireworks,../../Datasets/FSDKaggle2018/Spec_5_second_npy/Fireworks/36967fb1.npy,../../Datasets/FSDKaggle2018/Sorted/Fireworks/36967fb1.wav
train,Fireworks,../../Datasets/FSDKaggle2018/Spec_5_second_npy/Fireworks/a623039e.npy,../../Datasets/FSDKaggle2018/Sorted/Fireworks/a623039e.wav
train,Fireworks,../../Datasets/FSDKaggle2018/Spec_5_second_npy/Fireworks/f8c1a609.npy,../../Datasets/FSDKaggle2018/Sorted/Fireworks/f8c1a609.wav
train,Fireworks,../../Datasets/FSDKaggle2018/Spec_5_second_npy/Fireworks/a2d8cc0e.npy,../../Datasets/FSDKaggle2018/Sorted/Fireworks/a2d8cc0e.wav
train,Fireworks,../../Datasets/FSDKaggle2018/Spec_5_second_npy/Fireworks/c43d2146.npy,../../Datasets/FSDKaggle2018/Sorted/Fireworks/c43d2146.wav
train,Fireworks,../../Datasets/FSDKaggle2018/Spec_5_second_npy/Fireworks/92076449.npy,../../Datasets/FSDKaggle2018/Sorted/Fireworks/92076449.wav
train,Fireworks,../../Datasets/FSDKaggle2018/Spec_5_second_npy/Fireworks/3254c6eb.npy,../../Datasets/FSDKaggle2018/Sorted/Fireworks/3254c6eb.wav
train,Fireworks,../../Datasets/FSDKaggle2018/Spec_5_second_npy/Fireworks/af8b691d.npy,../../Datasets/FSDKaggle2018/Sorted/Fireworks/af8b691d.wav
train,Fireworks,../../Datasets/FSDKaggle2018/Spec_5_second_npy/Fireworks/c14ea138.npy,../../Datasets/FSDKaggle2018/Sorted/Fireworks/c14ea138.wav
train,Fireworks,../../Datasets/FSDKaggle2018/Spec_5_second_npy/Fireworks/b2789d97.npy,../../Datasets/FSDKaggle2018/Sorted/Fireworks/b2789d97.wav
train,Fireworks,../../Datasets/FSDKaggle2018/Spec_5_second_npy/Fireworks/9f2a9d7b.npy,../../Datasets/FSDKaggle2018/Sorted/Fireworks/9f2a9d7b.wav
train,Fireworks,../../Datasets/FSDKaggle2018/Spec_5_second_npy/Fireworks/691634cc.npy,../../Datasets/FSDKaggle2018/Sorted/Fireworks/691634cc.wav
train,Fireworks,../../Datasets/FSDKaggle2018/Spec_5_second_npy/Fireworks/f9ef92a3.npy,../../Datasets/FSDKaggle2018/Sorted/Fireworks/f9ef92a3.wav
train,Fireworks,../../Datasets/FSDKaggle2018/Spec_5_second_npy/Fireworks/beb6c84a.npy,../../Datasets/FSDKaggle2018/Sorted/Fireworks/beb6c84a.wav
train,Fireworks,../../Datasets/FSDKaggle2018/Spec_5_second_npy/Fireworks/ec0611d3.npy,../../Datasets/FSDKaggle2018/Sorted/Fireworks/ec0611d3.wav
train,Fireworks,../../Datasets/FSDKaggle2018/Spec_5_second_npy/Fireworks/18b3013e.npy,../../Datasets/FSDKaggle2018/Sorted/Fireworks/18b3013e.wav
train,Flute,../../Datasets/FSDKaggle2018/Spec_5_second_npy/Flute/84f5b84b.npy,../../Datasets/FSDKaggle2018/Sorted/Flute/84f5b84b.wav
train,Flute,../../Datasets/FSDKaggle2018/Spec_5_second_npy/Flute/c47d0b09.npy,../../Datasets/FSDKaggle2018/Sorted/Flute/c47d0b09.wav
train,Flute,../../Datasets/FSDKaggle2018/Spec_5_second_npy/Flute/b70d7854.npy,../../Datasets/FSDKaggle2018/Sorted/Flute/b70d7854.wav
train,Flute,../../Datasets/FSDKaggle2018/Spec_5_second_npy/Flute/2777b9fa.npy,../../Datasets/FSDKaggle2018/Sorted/Flute/2777b9fa.wav
train,Flute,../../Datasets/FSDKaggle2018/Spec_5_second_npy/Flute/3a151637.npy,../../Datasets/FSDKaggle2018/Sorted/Flute/3a151637.wav
train,Flute,../../Datasets/FSDKaggle2018/Spec_5_second_npy/Flute/9f522cda.npy,../../Datasets/FSDKaggle2018/Sorted/Flute/9f522cda.wav
train,Flute,../../Datasets/FSDKaggle2018/Spec_5_second_npy/Flute/90b05b4d.npy,../../Datasets/FSDKaggle2018/Sorted/Flute/90b05b4d.wav
train,Flute,../../Datasets/FSDKaggle2018/Spec_5_second_npy/Flute/1220471f.npy,../../Datasets/FSDKaggle2018/Sorted/Flute/1220471f.wav
train,Flute,../../Datasets/FSDKaggle2018/Spec_5_second_npy/Flute/fb108a65.npy,../../Datasets/FSDKaggle2018/Sorted/Flute/fb108a65.wav
train,Flute,../../Datasets/FSDKaggle2018/Spec_5_second_npy/Flute/b67c6dd7.npy,../../Datasets/FSDKaggle2018/Sorted/Flute/b67c6dd7.wav
train,Flute,../../Datasets/FSDKaggle2018/Spec_5_second_npy/Flute/b4aa81ca.npy,../../Datasets/FSDKaggle2018/Sorted/Flute/b4aa81ca.wav
train,Flute,../../Datasets/FSDKaggle2018/Spec_5_second_npy/Flute/b84bad83.npy,../../Datasets/FSDKaggle2018/Sorted/Flute/b84bad83.wav
train,Flute,../../Datasets/FSDKaggle2018/Spec_5_second_npy/Flute/8cf4e2d4.npy,../../Datasets/FSDKaggle2018/Sorted/Flute/8cf4e2d4.wav
train,Flute,../../Datasets/FSDKaggle2018/Spec_5_second_npy/Flute/ba121fa8.npy,../../Datasets/FSDKaggle2018/Sorted/Flute/ba121fa8.wav
train,Flute,../../Datasets/FSDKaggle2018/Spec_5_second_npy/Flute/1ce38807.npy,../../Datasets/FSDKaggle2018/Sorted/Flute/1ce38807.wav
train,Flute,../../Datasets/FSDKaggle2018/Spec_5_second_npy/Flute/90a3a39c.npy,../../Datasets/FSDKaggle2018/Sorted/Flute/90a3a39c.wav
train,Glockenspiel,../../Datasets/FSDKaggle2018/Spec_5_second_npy/Glockenspiel/35f589b8.npy,../../Datasets/FSDKaggle2018/Sorted/Glockenspiel/35f589b8.wav
train,Glockenspiel,../../Datasets/FSDKaggle2018/Spec_5_second_npy/Glockenspiel/9df6bdd3.npy,../../Datasets/FSDKaggle2018/Sorted/Glockenspiel/9df6bdd3.wav
train,Glockenspiel,../../Datasets/FSDKaggle2018/Spec_5_second_npy/Glockenspiel/bce5c221.npy,../../Datasets/FSDKaggle2018/Sorted/Glockenspiel/bce5c221.wav
train,Glockenspiel,../../Datasets/FSDKaggle2018/Spec_5_second_npy/Glockenspiel/66b3d587.npy,../../Datasets/FSDKaggle2018/Sorted/Glockenspiel/66b3d587.wav
train,Glockenspiel,../../Datasets/FSDKaggle2018/Spec_5_second_npy/Glockenspiel/f26f9711.npy,../../Datasets/FSDKaggle2018/Sorted/Glockenspiel/f26f9711.wav
train,Glockenspiel,../../Datasets/FSDKaggle2018/Spec_5_second_npy/Glockenspiel/f7d17c6f.npy,../../Datasets/FSDKaggle2018/Sorted/Glockenspiel/f7d17c6f.wav
train,Glockenspiel,../../Datasets/FSDKaggle2018/Spec_5_second_npy/Glockenspiel/41978926.npy,../../Datasets/FSDKaggle2018/Sorted/Glockenspiel/41978926.wav
train,Glockenspiel,../../Datasets/FSDKaggle2018/Spec_5_second_npy/Glockenspiel/4ff578f2.npy,../../Datasets/FSDKaggle2018/Sorted/Glockenspiel/4ff578f2.wav
train,Glockenspiel,../../Datasets/FSDKaggle2018/Spec_5_second_npy/Glockenspiel/e65e1323.npy,../../Datasets/FSDKaggle2018/Sorted/Glockenspiel/e65e1323.wav
train,Glockenspiel,../../Datasets/FSDKaggle2018/Spec_5_second_npy/Glockenspiel/dce89f20.npy,../../Datasets/FSDKaggle2018/Sorted/Glockenspiel/dce89f20.wav
train,Glockenspiel,../../Datasets/FSDKaggle2018/Spec_5_second_npy/Glockenspiel/9ad0b702.npy,../../Datasets/FSDKaggle2018/Sorted/Glockenspiel/9ad0b702.wav
train,Glockenspiel,../../Datasets/FSDKaggle2018/Spec_5_second_npy/Glockenspiel/b7aad610.npy,../../Datasets/FSDKaggle2018/Sorted/Glockenspiel/b7aad610.wav
train,Glockenspiel,../../Datasets/FSDKaggle2018/Spec_5_second_npy/Glockenspiel/762fec32.npy,../../Datasets/FSDKaggle2018/Sorted/Glockenspiel/762fec32.wav
train,Glockenspiel,../../Datasets/FSDKaggle2018/Spec_5_second_npy/Glockenspiel/4a51b1a7.npy,../../Datasets/FSDKaggle2018/Sorted/Glockenspiel/4a51b1a7.wav
train,Glockenspiel,../../Datasets/FSDKaggle2018/Spec_5_second_npy/Glockenspiel/9e3b8aa4.npy,../../Datasets/FSDKaggle2018/Sorted/Glockenspiel/9e3b8aa4.wav
train,Glockenspiel,../../Datasets/FSDKaggle2018/Spec_5_second_npy/Glockenspiel/9ea6f26b.npy,../../Datasets/FSDKaggle2018/Sorted/Glockenspiel/9ea6f26b.wav
train,Gong,../../Datasets/FSDKaggle2018/Spec_5_second_npy/Gong/51100727.npy,../../Datasets/FSDKaggle2018/Sorted/Gong/51100727.wav
train,Gong,../../Datasets/FSDKaggle2018/Spec_5_second_npy/Gong/6a591e37.npy,../../Datasets/FSDKaggle2018/Sorted/Gong/6a591e37.wav
train,Gong,../../Datasets/FSDKaggle2018/Spec_5_second_npy/Gong/216f3fb8.npy,../../Datasets/FSDKaggle2018/Sorted/Gong/216f3fb8.wav
train,Gong,../../Datasets/FSDKaggle2018/Spec_5_second_npy/Gong/60531e43.npy,../../Datasets/FSDKaggle2018/Sorted/Gong/60531e43.wav
train,Gong,../../Datasets/FSDKaggle2018/Spec_5_second_npy/Gong/db67674a.npy,../../Datasets/FSDKaggle2018/Sorted/Gong/db67674a.wav
train,Gong,../../Datasets/FSDKaggle2018/Spec_5_second_npy/Gong/d51b814e.npy,../../Datasets/FSDKaggle2018/Sorted/Gong/d51b814e.wav
train,Gong,../../Datasets/FSDKaggle2018/Spec_5_second_npy/Gong/40f51bc3.npy,../../Datasets/FSDKaggle2018/Sorted/Gong/40f51bc3.wav
train,Gong,../../Datasets/FSDKaggle2018/Spec_5_second_npy/Gong/29c9e829.npy,../../Datasets/FSDKaggle2018/Sorted/Gong/29c9e829.wav
train,Gong,../../Datasets/FSDKaggle2018/Spec_5_second_npy/Gong/43f58abe.npy,../../Datasets/FSDKaggle2018/Sorted/Gong/43f58abe.wav
train,Gong,../../Datasets/FSDKaggle2018/Spec_5_second_npy/Gong/40df75ef.npy,../../Datasets/FSDKaggle2018/Sorted/Gong/40df75ef.wav
train,Gong,../../Datasets/FSDKaggle2018/Spec_5_second_npy/Gong/e92a2aa1.npy,../../Datasets/FSDKaggle2018/Sorted/Gong/e92a2aa1.wav
train,Gong,../../Datasets/FSDKaggle2018/Spec_5_second_npy/Gong/2c017b88.npy,../../Datasets/FSDKaggle2018/Sorted/Gong/2c017b88.wav
train,Gong,../../Datasets/FSDKaggle2018/Spec_5_second_npy/Gong/7ae6096a.npy,../../Datasets/FSDKaggle2018/Sorted/Gong/7ae6096a.wav
train,Gong,../../Datasets/FSDKaggle2018/Spec_5_second_npy/Gong/a4d11070.npy,../../Datasets/FSDKaggle2018/Sorted/Gong/a4d11070.wav
train,Gong,../../Datasets/FSDKaggle2018/Spec_5_second_npy/Gong/261b8615.npy,../../Datasets/FSDKaggle2018/Sorted/Gong/261b8615.wav
train,Gong,../../Datasets/FSDKaggle2018/Spec_5_second_npy/Gong/312f1444.npy,../../Datasets/FSDKaggle2018/Sorted/Gong/312f1444.wav
train,Gunshot_or_gunfire,../../Datasets/FSDKaggle2018/Spec_5_second_npy/Gunshot_or_gunfire/bad1e134.npy,../../Datasets/FSDKaggle2018/Sorted/Gunshot_or_gunfire/bad1e134.wav
train,Gunshot_or_gunfire,../../Datasets/FSDKaggle2018/Spec_5_second_npy/Gunshot_or_gunfire/f6e9f618.npy,../../Datasets/FSDKaggle2018/Sorted/Gunshot_or_gunfire/f6e9f618.wav
train,Gunshot_or_gunfire,../../Datasets/FSDKaggle2018/Spec_5_second_npy/Gunshot_or_gunfire/c95aa254.npy,../../Datasets/FSDKaggle2018/Sorted/Gunshot_or_gunfire/c95aa254.wav
train,Gunshot_or_gunfire,../../Datasets/FSDKaggle2018/Spec_5_second_npy/Gunshot_or_gunfire/727f104d.npy,../../Datasets/FSDKaggle2018/Sorted/Gunshot_or_gunfire/727f104d.wav
train,Gunshot_or_gunfire,../../Datasets/FSDKaggle2018/Spec_5_second_npy/Gunshot_or_gunfire/77782997.npy,../../Datasets/FSDKaggle2018/Sorted/Gunshot_or_gunfire/77782997.wav
train,Gunshot_or_gunfire,../../Datasets/FSDKaggle2018/Spec_5_second_npy/Gunshot_or_gunfire/a67b9265.npy,../../Datasets/FSDKaggle2018/Sorted/Gunshot_or_gunfire/a67b9265.wav
train,Gunshot_or_gunfire,../../Datasets/FSDKaggle2018/Spec_5_second_npy/Gunshot_or_gunfire/e88d6949.npy,../../Datasets/FSDKaggle2018/Sorted/Gunshot_or_gunfire/e88d6949.wav
train,Gunshot_or_gunfire,../../Datasets/FSDKaggle2018/Spec_5_second_npy/Gunshot_or_gunfire/1d73513c.npy,../../Datasets/FSDKaggle2018/Sorted/Gunshot_or_gunfire/1d73513c.wav
train,Gunshot_or_gunfire,../../Datasets/FSDKaggle2018/Spec_5_second_npy/Gunshot_or_gunfire/6144e686.npy,../../Datasets/FSDKaggle2018/Sorted/Gunshot_or_gunfire/6144e686.wav
train,Gunshot_or_gunfire,../../Datasets/FSDKaggle2018/Spec_5_second_npy/Gunshot_or_gunfire/1f0346ff.npy,../../Datasets/FSDKaggle2018/Sorted/Gunshot_or_gunfire/1f0346ff.wav
train,Gunshot_or_gunfire,../../Datasets/FSDKaggle2018/Spec_5_second_npy/Gunshot_or_gunfire/2bc133ee.npy,../../Datasets/FSDKaggle2018/Sorted/Gunshot_or_gunfire/2bc133ee.wav
train,Gunshot_or_gunfire,../../Datasets/FSDKaggle2018/Spec_5_second_npy/Gunshot_or_gunfire/e7c71b47.npy,../../Datasets/FSDKaggle2018/Sorted/Gunshot_or_gunfire/e7c71b47.wav
train,Gunshot_or_gunfire,../../Datasets/FSDKaggle2018/Spec_5_second_npy/Gunshot_or_gunfire/7a20c7f1.npy,../../Datasets/FSDKaggle2018/Sorted/Gunshot_or_gunfire/7a20c7f1.wav
train,Gunshot_or_gunfire,../../Datasets/FSDKaggle2018/Spec_5_second_npy/Gunshot_or_gunfire/01f2e70b.npy,../../Datasets/FSDKaggle2018/Sorted/Gunshot_or_gunfire/01f2e70b.wav
train,Gunshot_or_gunfire,../../Datasets/FSDKaggle2018/Spec_5_second_npy/Gunshot_or_gunfire/35accc11.npy,../../Datasets/FSDKaggle2018/Sorted/Gunshot_or_gunfire/35accc11.wav
train,Gunshot_or_gunfire,../../Datasets/FSDKaggle2018/Spec_5_second_npy/Gunshot_or_gunfire/76c64431.npy,../../Datasets/FSDKaggle2018/Sorted/Gunshot_or_gunfire/76c64431.wav
train,Harmonica,../../Datasets/FSDKaggle2018/Spec_5_second_npy/Harmonica/559c21bc.npy,../../Datasets/FSDKaggle2018/Sorted/Harmonica/559c21bc.wav
train,Harmonica,../../Datasets/FSDKaggle2018/Spec_5_second_npy/Harmonica/686bbe8b.npy,../../Datasets/FSDKaggle2018/Sorted/Harmonica/686bbe8b.wav
train,Harmonica,../../Datasets/FSDKaggle2018/Spec_5_second_npy/Harmonica/d3fe26a1.npy,../../Datasets/FSDKaggle2018/Sorted/Harmonica/d3fe26a1.wav
train,Harmonica,../../Datasets/FSDKaggle2018/Spec_5_second_npy/Harmonica/8348477e.npy,../../Datasets/FSDKaggle2018/Sorted/Harmonica/8348477e.wav
train,Harmonica,../../Datasets/FSDKaggle2018/Spec_5_second_npy/Harmonica/0765b7d1.npy,../../Datasets/FSDKaggle2018/Sorted/Harmonica/0765b7d1.wav
train,Harmonica,../../Datasets/FSDKaggle2018/Spec_5_second_npy/Harmonica/433c3a13.npy,../../Datasets/FSDKaggle2018/Sorted/Harmonica/433c3a13.wav
train,Harmonica,../../Datasets/FSDKaggle2018/Spec_5_second_npy/Harmonica/cc90ad7a.npy,../../Datasets/FSDKaggle2018/Sorted/Harmonica/cc90ad7a.wav
train,Harmonica,../../Datasets/FSDKaggle2018/Spec_5_second_npy/Harmonica/907c343d.npy,../../Datasets/FSDKaggle2018/Sorted/Harmonica/907c343d.wav
train,Harmonica,../../Datasets/FSDKaggle2018/Spec_5_second_npy/Harmonica/97c1f8fe.npy,../../Datasets/FSDKaggle2018/Sorted/Harmonica/97c1f8fe.wav
train,Harmonica,../../Datasets/FSDKaggle2018/Spec_5_second_npy/Harmonica/b7fb6da1.npy,../../Datasets/FSDKaggle2018/Sorted/Harmonica/b7fb6da1.wav
train,Harmonica,../../Datasets/FSDKaggle2018/Spec_5_second_npy/Harmonica/93a6dc48.npy,../../Datasets/FSDKaggle2018/Sorted/Harmonica/93a6dc48.wav
train,Harmonica,../../Datasets/FSDKaggle2018/Spec_5_second_npy/Harmonica/71107f1c.npy,../../Datasets/FSDKaggle2018/Sorted/Harmonica/71107f1c.wav
train,Harmonica,../../Datasets/FSDKaggle2018/Spec_5_second_npy/Harmonica/982e16a5.npy,../../Datasets/FSDKaggle2018/Sorted/Harmonica/982e16a5.wav
train,Harmonica,../../Datasets/FSDKaggle2018/Spec_5_second_npy/Harmonica/ccdd8b96.npy,../../Datasets/FSDKaggle2018/Sorted/Harmonica/ccdd8b96.wav
train,Harmonica,../../Datasets/FSDKaggle2018/Spec_5_second_npy/Harmonica/19974149.npy,../../Datasets/FSDKaggle2018/Sorted/Harmonica/19974149.wav
train,Harmonica,../../Datasets/FSDKaggle2018/Spec_5_second_npy/Harmonica/95f5d2da.npy,../../Datasets/FSDKaggle2018/Sorted/Harmonica/95f5d2da.wav
train,Hi-hat,../../Datasets/FSDKaggle2018/Spec_5_second_npy/Hi-hat/5aa1eff9.npy,../../Datasets/FSDKaggle2018/Sorted/Hi-hat/5aa1eff9.wav
train,Hi-hat,../../Datasets/FSDKaggle2018/Spec_5_second_npy/Hi-hat/e0987b6a.npy,../../Datasets/FSDKaggle2018/Sorted/Hi-hat/e0987b6a.wav
train,Hi-hat,../../Datasets/FSDKaggle2018/Spec_5_second_npy/Hi-hat/bffc0cc1.npy,../../Datasets/FSDKaggle2018/Sorted/Hi-hat/bffc0cc1.wav
train,Hi-hat,../../Datasets/FSDKaggle2018/Spec_5_second_npy/Hi-hat/1a7af185.npy,../../Datasets/FSDKaggle2018/Sorted/Hi-hat/1a7af185.wav
train,Hi-hat,../../Datasets/FSDKaggle2018/Spec_5_second_npy/Hi-hat/612702c3.npy,../../Datasets/FSDKaggle2018/Sorted/Hi-hat/612702c3.wav
train,Hi-hat,../../Datasets/FSDKaggle2018/Spec_5_second_npy/Hi-hat/a0678493.npy,../../Datasets/FSDKaggle2018/Sorted/Hi-hat/a0678493.wav
train,Hi-hat,../../Datasets/FSDKaggle2018/Spec_5_second_npy/Hi-hat/a5ca9e77.npy,../../Datasets/FSDKaggle2018/Sorted/Hi-hat/a5ca9e77.wav
train,Hi-hat,../../Datasets/FSDKaggle2018/Spec_5_second_npy/Hi-hat/d33f38e9.npy,../../Datasets/FSDKaggle2018/Sorted/Hi-hat/d33f38e9.wav
train,Hi-hat,../../Datasets/FSDKaggle2018/Spec_5_second_npy/Hi-hat/532dfe7e.npy,../../Datasets/FSDKaggle2018/Sorted/Hi-hat/532dfe7e.wav
train,Hi-hat,../../Datasets/FSDKaggle2018/Spec_5_second_npy/Hi-hat/db3951cb.npy,../../Datasets/FSDKaggle2018/Sorted/Hi-hat/db3951cb.wav
train,Hi-hat,../../Datasets/FSDKaggle2018/Spec_5_second_npy/Hi-hat/87039812.npy,../../Datasets/FSDKaggle2018/Sorted/Hi-hat/87039812.wav
train,Hi-hat,../../Datasets/FSDKaggle2018/Spec_5_second_npy/Hi-hat/9984bfd9.npy,../../Datasets/FSDKaggle2018/Sorted/Hi-hat/9984bfd9.wav
train,Hi-hat,../../Datasets/FSDKaggle2018/Spec_5_second_npy/Hi-hat/37ab0462.npy,../../Datasets/FSDKaggle2018/Sorted/Hi-hat/37ab0462.wav
train,Hi-hat,../../Datasets/FSDKaggle2018/Spec_5_second_npy/Hi-hat/00044347.npy,../../Datasets/FSDKaggle2018/Sorted/Hi-hat/00044347.wav
train,Hi-hat,../../Datasets/FSDKaggle2018/Spec_5_second_npy/Hi-hat/c0e8071b.npy,../../Datasets/FSDKaggle2018/Sorted/Hi-hat/c0e8071b.wav
train,Hi-hat,../../Datasets/FSDKaggle2018/Spec_5_second_npy/Hi-hat/7d6bdda3.npy,../../Datasets/FSDKaggle2018/Sorted/Hi-hat/7d6bdda3.wav
train,Keys_jangling,../../Datasets/FSDKaggle2018/Spec_5_second_npy/Keys_jangling/7080435f.npy,../../Datasets/FSDKaggle2018/Sorted/Keys_jangling/7080435f.wav
train,Keys_jangling,../../Datasets/FSDKaggle2018/Spec_5_second_npy/Keys_jangling/9beefea5.npy,../../Datasets/FSDKaggle2018/Sorted/Keys_jangling/9beefea5.wav
train,Keys_jangling,../../Datasets/FSDKaggle2018/Spec_5_second_npy/Keys_jangling/3c731886.npy,../../Datasets/FSDKaggle2018/Sorted/Keys_jangling/3c731886.wav
train,Keys_jangling,../../Datasets/FSDKaggle2018/Spec_5_second_npy/Keys_jangling/18b60e7c.npy,../../Datasets/FSDKaggle2018/Sorted/Keys_jangling/18b60e7c.wav
train,Keys_jangling,../../Datasets/FSDKaggle2018/Spec_5_second_npy/Keys_jangling/c9c6a8ab.npy,../../Datasets/FSDKaggle2018/Sorted/Keys_jangling/c9c6a8ab.wav
train,Keys_jangling,../../Datasets/FSDKaggle2018/Spec_5_second_npy/Keys_jangling/6a63cd35.npy,../../Datasets/FSDKaggle2018/Sorted/Keys_jangling/6a63cd35.wav
train,Keys_jangling,../../Datasets/FSDKaggle2018/Spec_5_second_npy/Keys_jangling/9d5cbd33.npy,../../Datasets/FSDKaggle2018/Sorted/Keys_jangling/9d5cbd33.wav
train,Keys_jangling,../../Datasets/FSDKaggle2018/Spec_5_second_npy/Keys_jangling/6d717c18.npy,../../Datasets/FSDKaggle2018/Sorted/Keys_jangling/6d717c18.wav
train,Keys_jangling,../../Datasets/FSDKaggle2018/Spec_5_second_npy/Keys_jangling/b1e56287.npy,../../Datasets/FSDKaggle2018/Sorted/Keys_jangling/b1e56287.wav
train,Keys_jangling,../../Datasets/FSDKaggle2018/Spec_5_second_npy/Keys_jangling/b5ebeb4e.npy,../../Datasets/FSDKaggle2018/Sorted/Keys_jangling/b5ebeb4e.wav
train,Keys_jangling,../../Datasets/FSDKaggle2018/Spec_5_second_npy/Keys_jangling/930742b0.npy,../../Datasets/FSDKaggle2018/Sorted/Keys_jangling/930742b0.wav
train,Keys_jangling,../../Datasets/FSDKaggle2018/Spec_5_second_npy/Keys_jangling/d352c571.npy,../../Datasets/FSDKaggle2018/Sorted/Keys_jangling/d352c571.wav
train,Keys_jangling,../../Datasets/FSDKaggle2018/Spec_5_second_npy/Keys_jangling/f8f50808.npy,../../Datasets/FSDKaggle2018/Sorted/Keys_jangling/f8f50808.wav
train,Keys_jangling,../../Datasets/FSDKaggle2018/Spec_5_second_npy/Keys_jangling/fa67cfe3.npy,../../Datasets/FSDKaggle2018/Sorted/Keys_jangling/fa67cfe3.wav
train,Keys_jangling,../../Datasets/FSDKaggle2018/Spec_5_second_npy/Keys_jangling/d58723aa.npy,../../Datasets/FSDKaggle2018/Sorted/Keys_jangling/d58723aa.wav
train,Keys_jangling,../../Datasets/FSDKaggle2018/Spec_5_second_npy/Keys_jangling/ed560261.npy,../../Datasets/FSDKaggle2018/Sorted/Keys_jangling/ed560261.wav
train,Knock,../../Datasets/FSDKaggle2018/Spec_5_second_npy/Knock/5cec2378.npy,../../Datasets/FSDKaggle2018/Sorted/Knock/5cec2378.wav
train,Knock,../../Datasets/FSDKaggle2018/Spec_5_second_npy/Knock/4868ac7c.npy,../../Datasets/FSDKaggle2018/Sorted/Knock/4868ac7c.wav
train,Knock,../../Datasets/FSDKaggle2018/Spec_5_second_npy/Knock/8e02faf0.npy,../../Datasets/FSDKaggle2018/Sorted/Knock/8e02faf0.wav
train,Knock,../../Datasets/FSDKaggle2018/Spec_5_second_npy/Knock/efe7e065.npy,../../Datasets/FSDKaggle2018/Sorted/Knock/efe7e065.wav
train,Knock,../../Datasets/FSDKaggle2018/Spec_5_second_npy/Knock/8186d966.npy,../../Datasets/FSDKaggle2018/Sorted/Knock/8186d966.wav
train,Knock,../../Datasets/FSDKaggle2018/Spec_5_second_npy/Knock/9b2be3af.npy,../../Datasets/FSDKaggle2018/Sorted/Knock/9b2be3af.wav
train,Knock,../../Datasets/FSDKaggle2018/Spec_5_second_npy/Knock/4b8cb71c.npy,../../Datasets/FSDKaggle2018/Sorted/Knock/4b8cb71c.wav
train,Knock,../../Datasets/FSDKaggle2018/Spec_5_second_npy/Knock/96902014.npy,../../Datasets/FSDKaggle2018/Sorted/Knock/96902014.wav
train,Knock,../../Datasets/FSDKaggle2018/Spec_5_second_npy/Knock/f61f0c65.npy,../../Datasets/FSDKaggle2018/Sorted/Knock/f61f0c65.wav
train,Knock,../../Datasets/FSDKaggle2018/Spec_5_second_npy/Knock/b021b8f1.npy,../../Datasets/FSDKaggle2018/Sorted/Knock/b021b8f1.wav
train,Knock,../../Datasets/FSDKaggle2018/Spec_5_second_npy/Knock/28b75c35.npy,../../Datasets/FSDKaggle2018/Sorted/Knock/28b75c35.wav
train,Knock,../../Datasets/FSDKaggle2018/Spec_5_second_npy/Knock/330ba9ae.npy,../../Datasets/FSDKaggle2018/Sorted/Knock/330ba9ae.wav
train,Knock,../../Datasets/FSDKaggle2018/Spec_5_second_npy/Knock/f6cd0ab7.npy,../../Datasets/FSDKaggle2018/Sorted/Knock/f6cd0ab7.wav
train,Knock,../../Datasets/FSDKaggle2018/Spec_5_second_npy/Knock/1eddce43.npy,../../Datasets/FSDKaggle2018/Sorted/Knock/1eddce43.wav
train,Knock,../../Datasets/FSDKaggle2018/Spec_5_second_npy/Knock/c740ceda.npy,../../Datasets/FSDKaggle2018/Sorted/Knock/c740ceda.wav
train,Knock,../../Datasets/FSDKaggle2018/Spec_5_second_npy/Knock/32880ae6.npy,../../Datasets/FSDKaggle2018/Sorted/Knock/32880ae6.wav
train,Laughter,../../Datasets/FSDKaggle2018/Spec_5_second_npy/Laughter/5a2ecd2d.npy,../../Datasets/FSDKaggle2018/Sorted/Laughter/5a2ecd2d.wav
train,Laughter,../../Datasets/FSDKaggle2018/Spec_5_second_npy/Laughter/e33328ed.npy,../../Datasets/FSDKaggle2018/Sorted/Laughter/e33328ed.wav
train,Laughter,../../Datasets/FSDKaggle2018/Spec_5_second_npy/Laughter/e81a0e3d.npy,../../Datasets/FSDKaggle2018/Sorted/Laughter/e81a0e3d.wav
train,Laughter,../../Datasets/FSDKaggle2018/Spec_5_second_npy/Laughter/ff71bf59.npy,../../Datasets/FSDKaggle2018/Sorted/Laughter/ff71bf59.wav
train,Laughter,../../Datasets/FSDKaggle2018/Spec_5_second_npy/Laughter/ba732e45.npy,../../Datasets/FSDKaggle2018/Sorted/Laughter/ba732e45.wav
train,Laughter,../../Datasets/FSDKaggle2018/Spec_5_second_npy/Laughter/693994bb.npy,../../Datasets/FSDKaggle2018/Sorted/Laughter/693994bb.wav
train,Laughter,../../Datasets/FSDKaggle2018/Spec_5_second_npy/Laughter/d085e7da.npy,../../Datasets/FSDKaggle2018/Sorted/Laughter/d085e7da.wav
train,Laughter,../../Datasets/FSDKaggle2018/Spec_5_second_npy/Laughter/818be90b.npy,../../Datasets/FSDKaggle2018/Sorted/Laughter/818be90b.wav
train,Laughter,../../Datasets/FSDKaggle2018/Spec_5_second_npy/Laughter/7f60f335.npy,../../Datasets/FSDKaggle2018/Sorted/Laughter/7f60f335.wav
train,Laughter,../../Datasets/FSDKaggle2018/Spec_5_second_npy/Laughter/858c074f.npy,../../Datasets/FSDKaggle2018/Sorted/Laughter/858c074f.wav
train,Laughter,../../Datasets/FSDKaggle2018/Spec_5_second_npy/Laughter/f9f26b10.npy,../../Datasets/FSDKaggle2018/Sorted/Laughter/f9f26b10.wav
train,Laughter,../../Datasets/FSDKaggle2018/Spec_5_second_npy/Laughter/e2bfc42d.npy,../../Datasets/FSDKaggle2018/Sorted/Laughter/e2bfc42d.wav
train,Laughter,../../Datasets/FSDKaggle2018/Spec_5_second_npy/Laughter/d10d9393.npy,../../Datasets/FSDKaggle2018/Sorted/Laughter/d10d9393.wav
train,Laughter,../../Datasets/FSDKaggle2018/Spec_5_second_npy/Laughter/6e904024.npy,../../Datasets/FSDKaggle2018/Sorted/Laughter/6e904024.wav
train,Laughter,../../Datasets/FSDKaggle2018/Spec_5_second_npy/Laughter/80df55dc.npy,../../Datasets/FSDKaggle2018/Sorted/Laughter/80df55dc.wav
train,Laughter,../../Datasets/FSDKaggle2018/Spec_5_second_npy/Laughter/ffbba18f.npy,../../Datasets/FSDKaggle2018/Sorted/Laughter/ffbba18f.wav
train,Meow,../../Datasets/FSDKaggle2018/Spec_5_second_npy/Meow/0a23fde2.npy,../../Datasets/FSDKaggle2018/Sorted/Meow/0a23fde2.wav
train,Meow,../../Datasets/FSDKaggle2018/Spec_5_second_npy/Meow/e0c71892.npy,../../Datasets/FSDKaggle2018/Sorted/Meow/e0c71892.wav
train,Meow,../../Datasets/FSDKaggle2018/Spec_5_second_npy/Meow/ae1d4a4b.npy,../../Datasets/FSDKaggle2018/Sorted/Meow/ae1d4a4b.wav
train,Meow,../../Datasets/FSDKaggle2018/Spec_5_second_npy/Meow/d72d685c.npy,../../Datasets/FSDKaggle2018/Sorted/Meow/d72d685c.wav
train,Meow,../../Datasets/FSDKaggle2018/Spec_5_second_npy/Meow/cc6a0e3f.npy,../../Datasets/FSDKaggle2018/Sorted/Meow/cc6a0e3f.wav
train,Meow,../../Datasets/FSDKaggle2018/Spec_5_second_npy/Meow/ef7b753e.npy,../../Datasets/FSDKaggle2018/Sorted/Meow/ef7b753e.wav
train,Meow,../../Datasets/FSDKaggle2018/Spec_5_second_npy/Meow/f7609214.npy,../../Datasets/FSDKaggle2018/Sorted/Meow/f7609214.wav
train,Meow,../../Datasets/FSDKaggle2018/Spec_5_second_npy/Meow/0f274e7a.npy,../../Datasets/FSDKaggle2018/Sorted/Meow/0f274e7a.wav
train,Meow,../../Datasets/FSDKaggle2018/Spec_5_second_npy/Meow/bb5e623d.npy,../../Datasets/FSDKaggle2018/Sorted/Meow/bb5e623d.wav
train,Meow,../../Datasets/FSDKaggle2018/Spec_5_second_npy/Meow/33a40fbe.npy,../../Datasets/FSDKaggle2018/Sorted/Meow/33a40fbe.wav
train,Meow,../../Datasets/FSDKaggle2018/Spec_5_second_npy/Meow/ec24aa8a.npy,../../Datasets/FSDKaggle2018/Sorted/Meow/ec24aa8a.wav
train,Meow,../../Datasets/FSDKaggle2018/Spec_5_second_npy/Meow/027cd3fd.npy,../../Datasets/FSDKaggle2018/Sorted/Meow/027cd3fd.wav
train,Meow,../../Datasets/FSDKaggle2018/Spec_5_second_npy/Meow/763efe7a.npy,../../Datasets/FSDKaggle2018/Sorted/Meow/763efe7a.wav
train,Meow,../../Datasets/FSDKaggle2018/Spec_5_second_npy/Meow/ed3e9e93.npy,../../Datasets/FSDKaggle2018/Sorted/Meow/ed3e9e93.wav
train,Meow,../../Datasets/FSDKaggle2018/Spec_5_second_npy/Meow/25a8c380.npy,../../Datasets/FSDKaggle2018/Sorted/Meow/25a8c380.wav
train,Meow,../../Datasets/FSDKaggle2018/Spec_5_second_npy/Meow/14ef39a2.npy,../../Datasets/FSDKaggle2018/Sorted/Meow/14ef39a2.wav
train,Microwave_oven,../../Datasets/FSDKaggle2018/Spec_5_second_npy/Microwave_oven/0de99488.npy,../../Datasets/FSDKaggle2018/Sorted/Microwave_oven/0de99488.wav
train,Microwave_oven,../../Datasets/FSDKaggle2018/Spec_5_second_npy/Microwave_oven/6f9e6ffa.npy,../../Datasets/FSDKaggle2018/Sorted/Microwave_oven/6f9e6ffa.wav
train,Microwave_oven,../../Datasets/FSDKaggle2018/Spec_5_second_npy/Microwave_oven/3ad731d5.npy,../../Datasets/FSDKaggle2018/Sorted/Microwave_oven/3ad731d5.wav
train,Microwave_oven,../../Datasets/FSDKaggle2018/Spec_5_second_npy/Microwave_oven/4223de81.npy,../../Datasets/FSDKaggle2018/Sorted/Microwave_oven/4223de81.wav
train,Microwave_oven,../../Datasets/FSDKaggle2018/Spec_5_second_npy/Microwave_oven/a8f34ecc.npy,../../Datasets/FSDKaggle2018/Sorted/Microwave_oven/a8f34ecc.wav
train,Microwave_oven,../../Datasets/FSDKaggle2018/Spec_5_second_npy/Microwave_oven/729dd65a.npy,../../Datasets/FSDKaggle2018/Sorted/Microwave_oven/729dd65a.wav
train,Microwave_oven,../../Datasets/FSDKaggle2018/Spec_5_second_npy/Microwave_oven/706a2d68.npy,../../Datasets/FSDKaggle2018/Sorted/Microwave_oven/706a2d68.wav
train,Microwave_oven,../../Datasets/FSDKaggle2018/Spec_5_second_npy/Microwave_oven/cc4c0c06.npy,../../Datasets/FSDKaggle2018/Sorted/Microwave_oven/cc4c0c06.wav
train,Microwave_oven,../../Datasets/FSDKaggle2018/Spec_5_second_npy/Microwave_oven/e9299b89.npy,../../Datasets/FSDKaggle2018/Sorted/Microwave_oven/e9299b89.wav
train,Microwave_oven,../../Datasets/FSDKaggle2018/Spec_5_second_npy/Microwave_oven/37d0eed3.npy,../../Datasets/FSDKaggle2018/Sorted/Microwave_oven/37d0eed3.wav
train,Microwave_oven,../../Datasets/FSDKaggle2018/Spec_5_second_npy/Microwave_oven/9a84e7d5.npy,../../Datasets/FSDKaggle2018/Sorted/Microwave_oven/9a84e7d5.wav
train,Microwave_oven,../../Datasets/FSDKaggle2018/Spec_5_second_npy/Microwave_oven/e07214a4.npy,../../Datasets/FSDKaggle2018/Sorted/Microwave_oven/e07214a4.wav
train,Microwave_oven,../../Datasets/FSDKaggle2018/Spec_5_second_npy/Microwave_oven/188b88ed.npy,../../Datasets/FSDKaggle2018/Sorted/Microwave_oven/188b88ed.wav
train,Microwave_oven,../../Datasets/FSDKaggle2018/Spec_5_second_npy/Microwave_oven/1c8943c0.npy,../../Datasets/FSDKaggle2018/Sorted/Microwave_oven/1c8943c0.wav
train,Microwave_oven,../../Datasets/FSDKaggle2018/Spec_5_second_npy/Microwave_oven/517f3959.npy,../../Datasets/FSDKaggle2018/Sorted/Microwave_oven/517f3959.wav
train,Microwave_oven,../../Datasets/FSDKaggle2018/Spec_5_second_npy/Microwave_oven/63f027d8.npy,../../Datasets/FSDKaggle2018/Sorted/Microwave_oven/63f027d8.wav
train,Oboe,../../Datasets/FSDKaggle2018/Spec_5_second_npy/Oboe/0f936928.npy,../../Datasets/FSDKaggle2018/Sorted/Oboe/0f936928.wav
train,Oboe,../../Datasets/FSDKaggle2018/Spec_5_second_npy/Oboe/fbcbc236.npy,../../Datasets/FSDKaggle2018/Sorted/Oboe/fbcbc236.wav
train,Oboe,../../Datasets/FSDKaggle2018/Spec_5_second_npy/Oboe/aeee87f3.npy,../../Datasets/FSDKaggle2018/Sorted/Oboe/aeee87f3.wav
train,Oboe,../../Datasets/FSDKaggle2018/Spec_5_second_npy/Oboe/505207c3.npy,../../Datasets/FSDKaggle2018/Sorted/Oboe/505207c3.wav
train,Oboe,../../Datasets/FSDKaggle2018/Spec_5_second_npy/Oboe/14fc31e9.npy,../../Datasets/FSDKaggle2018/Sorted/Oboe/14fc31e9.wav
train,Oboe,../../Datasets/FSDKaggle2018/Spec_5_second_npy/Oboe/4f0c9c17.npy,../../Datasets/FSDKaggle2018/Sorted/Oboe/4f0c9c17.wav
train,Oboe,../../Datasets/FSDKaggle2018/Spec_5_second_npy/Oboe/e0c8cab1.npy,../../Datasets/FSDKaggle2018/Sorted/Oboe/e0c8cab1.wav
train,Oboe,../../Datasets/FSDKaggle2018/Spec_5_second_npy/Oboe/ce206b9d.npy,../../Datasets/FSDKaggle2018/Sorted/Oboe/ce206b9d.wav
train,Oboe,../../Datasets/FSDKaggle2018/Spec_5_second_npy/Oboe/4e1f8e90.npy,../../Datasets/FSDKaggle2018/Sorted/Oboe/4e1f8e90.wav
train,Oboe,../../Datasets/FSDKaggle2018/Spec_5_second_npy/Oboe/ae5cabf7.npy,../../Datasets/FSDKaggle2018/Sorted/Oboe/ae5cabf7.wav
train,Oboe,../../Datasets/FSDKaggle2018/Spec_5_second_npy/Oboe/ba2d4593.npy,../../Datasets/FSDKaggle2018/Sorted/Oboe/ba2d4593.wav
train,Oboe,../../Datasets/FSDKaggle2018/Spec_5_second_npy/Oboe/76ec7b17.npy,../../Datasets/FSDKaggle2018/Sorted/Oboe/76ec7b17.wav
train,Oboe,../../Datasets/FSDKaggle2018/Spec_5_second_npy/Oboe/78e6d1e7.npy,../../Datasets/FSDKaggle2018/Sorted/Oboe/78e6d1e7.wav
train,Oboe,../../Datasets/FSDKaggle2018/Spec_5_second_npy/Oboe/c0721238.npy,../../Datasets/FSDKaggle2018/Sorted/Oboe/c0721238.wav
train,Oboe,../../Datasets/FSDKaggle2018/Spec_5_second_npy/Oboe/e7cc98a2.npy,../../Datasets/FSDKaggle2018/Sorted/Oboe/e7cc98a2.wav
train,Oboe,../../Datasets/FSDKaggle2018/Spec_5_second_npy/Oboe/3a42efbc.npy,../../Datasets/FSDKaggle2018/Sorted/Oboe/3a42efbc.wav
train,Saxophone,../../Datasets/FSDKaggle2018/Spec_5_second_npy/Saxophone/fbc83b12.npy,../../Datasets/FSDKaggle2018/Sorted/Saxophone/fbc83b12.wav
train,Saxophone,../../Datasets/FSDKaggle2018/Spec_5_second_npy/Saxophone/510193fb.npy,../../Datasets/FSDKaggle2018/Sorted/Saxophone/510193fb.wav
train,Saxophone,../../Datasets/FSDKaggle2018/Spec_5_second_npy/Saxophone/7470ab2c.npy,../../Datasets/FSDKaggle2018/Sorted/Saxophone/7470ab2c.wav
train,Saxophone,../../Datasets/FSDKaggle2018/Spec_5_second_npy/Saxophone/37d26e27.npy,../../Datasets/FSDKaggle2018/Sorted/Saxophone/37d26e27.wav
train,Saxophone,../../Datasets/FSDKaggle2018/Spec_5_second_npy/Saxophone/627099f7.npy,../../Datasets/FSDKaggle2018/Sorted/Saxophone/627099f7.wav
train,Saxophone,../../Datasets/FSDKaggle2018/Spec_5_second_npy/Saxophone/5b408682.npy,../../Datasets/FSDKaggle2018/Sorted/Saxophone/5b408682.wav
train,Saxophone,../../Datasets/FSDKaggle2018/Spec_5_second_npy/Saxophone/5e2417a2.npy,../../Datasets/FSDKaggle2018/Sorted/Saxophone/5e2417a2.wav
train,Saxophone,../../Datasets/FSDKaggle2018/Spec_5_second_npy/Saxophone/5f59933f.npy,../../Datasets/FSDKaggle2018/Sorted/Saxophone/5f59933f.wav
train,Saxophone,../../Datasets/FSDKaggle2018/Spec_5_second_npy/Saxophone/beb0de1c.npy,../../Datasets/FSDKaggle2018/Sorted/Saxophone/beb0de1c.wav
train,Saxophone,../../Datasets/FSDKaggle2018/Spec_5_second_npy/Saxophone/4792b15e.npy,../../Datasets/FSDKaggle2018/Sorted/Saxophone/4792b15e.wav
train,Saxophone,../../Datasets/FSDKaggle2018/Spec_5_second_npy/Saxophone/0995f876.npy,../../Datasets/FSDKaggle2018/Sorted/Saxophone/0995f876.wav
train,Saxophone,../../Datasets/FSDKaggle2018/Spec_5_second_npy/Saxophone/9ea318bd.npy,../../Datasets/FSDKaggle2018/Sorted/Saxophone/9ea318bd.wav
train,Saxophone,../../Datasets/FSDKaggle2018/Spec_5_second_npy/Saxophone/b665434e.npy,../../Datasets/FSDKaggle2018/Sorted/Saxophone/b665434e.wav
train,Saxophone,../../Datasets/FSDKaggle2018/Spec_5_second_npy/Saxophone/8da6c391.npy,../../Datasets/FSDKaggle2018/Sorted/Saxophone/8da6c391.wav
train,Saxophone,../../Datasets/FSDKaggle2018/Spec_5_second_npy/Saxophone/3219fa26.npy,../../Datasets/FSDKaggle2018/Sorted/Saxophone/3219fa26.wav
train,Saxophone,../../Datasets/FSDKaggle2018/Spec_5_second_npy/Saxophone/35f0e452.npy,../../Datasets/FSDKaggle2018/Sorted/Saxophone/35f0e452.wav
train,Scissors,../../Datasets/FSDKaggle2018/Spec_5_second_npy/Scissors/f58c0c4b.npy,../../Datasets/FSDKaggle2018/Sorted/Scissors/f58c0c4b.wav
train,Scissors,../../Datasets/FSDKaggle2018/Spec_5_second_npy/Scissors/63874688.npy,../../Datasets/FSDKaggle2018/Sorted/Scissors/63874688.wav
train,Scissors,../../Datasets/FSDKaggle2018/Spec_5_second_npy/Scissors/01506d76.npy,../../Datasets/FSDKaggle2018/Sorted/Scissors/01506d76.wav
train,Scissors,../../Datasets/FSDKaggle2018/Spec_5_second_npy/Scissors/a5da5acc.npy,../../Datasets/FSDKaggle2018/Sorted/Scissors/a5da5acc.wav
train,Scissors,../../Datasets/FSDKaggle2018/Spec_5_second_npy/Scissors/8b466188.npy,../../Datasets/FSDKaggle2018/Sorted/Scissors/8b466188.wav
train,Scissors,../../Datasets/FSDKaggle2018/Spec_5_second_npy/Scissors/d1b32ab1.npy,../../Datasets/FSDKaggle2018/Sorted/Scissors/d1b32ab1.wav
train,Scissors,../../Datasets/FSDKaggle2018/Spec_5_second_npy/Scissors/75f5180e.npy,../../Datasets/FSDKaggle2018/Sorted/Scissors/75f5180e.wav
train,Scissors,../../Datasets/FSDKaggle2018/Spec_5_second_npy/Scissors/412b75e6.npy,../../Datasets/FSDKaggle2018/Sorted/Scissors/412b75e6.wav
train,Scissors,../../Datasets/FSDKaggle2018/Spec_5_second_npy/Scissors/01257aad.npy,../../Datasets/FSDKaggle2018/Sorted/Scissors/01257aad.wav
train,Scissors,../../Datasets/FSDKaggle2018/Spec_5_second_npy/Scissors/4813422d.npy,../../Datasets/FSDKaggle2018/Sorted/Scissors/4813422d.wav
train,Scissors,../../Datasets/FSDKaggle2018/Spec_5_second_npy/Scissors/79a0d2c4.npy,../../Datasets/FSDKaggle2018/Sorted/Scissors/79a0d2c4.wav
train,Scissors,../../Datasets/FSDKaggle2018/Spec_5_second_npy/Scissors/587a5906.npy,../../Datasets/FSDKaggle2018/Sorted/Scissors/587a5906.wav
train,Scissors,../../Datasets/FSDKaggle2018/Spec_5_second_npy/Scissors/922e13bc.npy,../../Datasets/FSDKaggle2018/Sorted/Scissors/922e13bc.wav
train,Scissors,../../Datasets/FSDKaggle2018/Spec_5_second_npy/Scissors/4b0b4333.npy,../../Datasets/FSDKaggle2018/Sorted/Scissors/4b0b4333.wav
train,Scissors,../../Datasets/FSDKaggle2018/Spec_5_second_npy/Scissors/ae7087c7.npy,../../Datasets/FSDKaggle2018/Sorted/Scissors/ae7087c7.wav
train,Scissors,../../Datasets/FSDKaggle2018/Spec_5_second_npy/Scissors/a5bfcdee.npy,../../Datasets/FSDKaggle2018/Sorted/Scissors/a5bfcdee.wav
train,Shatter,../../Datasets/FSDKaggle2018/Spec_5_second_npy/Shatter/879ca7a3.npy,../../Datasets/FSDKaggle2018/Sorted/Shatter/879ca7a3.wav
train,Shatter,../../Datasets/FSDKaggle2018/Spec_5_second_npy/Shatter/d144094e.npy,../../Datasets/FSDKaggle2018/Sorted/Shatter/d144094e.wav
train,Shatter,../../Datasets/FSDKaggle2018/Spec_5_second_npy/Shatter/cef7f23d.npy,../../Datasets/FSDKaggle2018/Sorted/Shatter/cef7f23d.wav
train,Shatter,../../Datasets/FSDKaggle2018/Spec_5_second_npy/Shatter/a2ad2a9b.npy,../../Datasets/FSDKaggle2018/Sorted/Shatter/a2ad2a9b.wav
train,Shatter,../../Datasets/FSDKaggle2018/Spec_5_second_npy/Shatter/ca620976.npy,../../Datasets/FSDKaggle2018/Sorted/Shatter/ca620976.wav
train,Shatter,../../Datasets/FSDKaggle2018/Spec_5_second_npy/Shatter/2c6f7a58.npy,../../Datasets/FSDKaggle2018/Sorted/Shatter/2c6f7a58.wav
train,Shatter,../../Datasets/FSDKaggle2018/Spec_5_second_npy/Shatter/d788ea27.npy,../../Datasets/FSDKaggle2018/Sorted/Shatter/d788ea27.wav
train,Shatter,../../Datasets/FSDKaggle2018/Spec_5_second_npy/Shatter/8f41f868.npy,../../Datasets/FSDKaggle2018/Sorted/Shatter/8f41f868.wav
train,Shatter,../../Datasets/FSDKaggle2018/Spec_5_second_npy/Shatter/a6c083ca.npy,../../Datasets/FSDKaggle2018/Sorted/Shatter/a6c083ca.wav
train,Shatter,../../Datasets/FSDKaggle2018/Spec_5_second_npy/Shatter/24f68344.npy,../../Datasets/FSDKaggle2018/Sorted/Shatter/24f68344.wav
train,Shatter,../../Datasets/FSDKaggle2018/Spec_5_second_npy/Shatter/31529bd7.npy,../../Datasets/FSDKaggle2018/Sorted/Shatter/31529bd7.wav
train,Shatter,../../Datasets/FSDKaggle2018/Spec_5_second_npy/Shatter/245a503a.npy,../../Datasets/FSDKaggle2018/Sorted/Shatter/245a503a.wav
train,Shatter,../../Datasets/FSDKaggle2018/Spec_5_second_npy/Shatter/dc58ac20.npy,../../Datasets/FSDKaggle2018/Sorted/Shatter/dc58ac20.wav
train,Shatter,../../Datasets/FSDKaggle2018/Spec_5_second_npy/Shatter/0afca134.npy,../../Datasets/FSDKaggle2018/Sorted/Shatter/0afca134.wav
train,Shatter,../../Datasets/FSDKaggle2018/Spec_5_second_npy/Shatter/5057d536.npy,../../Datasets/FSDKaggle2018/Sorted/Shatter/5057d536.wav
train,Shatter,../../Datasets/FSDKaggle2018/Spec_5_second_npy/Shatter/aebe749b.npy,../../Datasets/FSDKaggle2018/Sorted/Shatter/aebe749b.wav
train,Snare_drum,../../Datasets/FSDKaggle2018/Spec_5_second_npy/Snare_drum/3ca7fb97.npy,../../Datasets/FSDKaggle2018/Sorted/Snare_drum/3ca7fb97.wav
train,Snare_drum,../../Datasets/FSDKaggle2018/Spec_5_second_npy/Snare_drum/5d9ca598.npy,../../Datasets/FSDKaggle2018/Sorted/Snare_drum/5d9ca598.wav
train,Snare_drum,../../Datasets/FSDKaggle2018/Spec_5_second_npy/Snare_drum/9ce1bcab.npy,../../Datasets/FSDKaggle2018/Sorted/Snare_drum/9ce1bcab.wav
train,Snare_drum,../../Datasets/FSDKaggle2018/Spec_5_second_npy/Snare_drum/6195b3c5.npy,../../Datasets/FSDKaggle2018/Sorted/Snare_drum/6195b3c5.wav
train,Snare_drum,../../Datasets/FSDKaggle2018/Spec_5_second_npy/Snare_drum/122b0e88.npy,../../Datasets/FSDKaggle2018/Sorted/Snare_drum/122b0e88.wav
train,Snare_drum,../../Datasets/FSDKaggle2018/Spec_5_second_npy/Snare_drum/d94f825c.npy,../../Datasets/FSDKaggle2018/Sorted/Snare_drum/d94f825c.wav
train,Snare_drum,../../Datasets/FSDKaggle2018/Spec_5_second_npy/Snare_drum/c8ecbbfd.npy,../../Datasets/FSDKaggle2018/Sorted/Snare_drum/c8ecbbfd.wav
train,Snare_drum,../../Datasets/FSDKaggle2018/Spec_5_second_npy/Snare_drum/95adeda9.npy,../../Datasets/FSDKaggle2018/Sorted/Snare_drum/95adeda9.wav
train,Snare_drum,../../Datasets/FSDKaggle2018/Spec_5_second_npy/Snare_drum/b11880e8.npy,../../Datasets/FSDKaggle2018/Sorted/Snare_drum/b11880e8.wav
train,Snare_drum,../../Datasets/FSDKaggle2018/Spec_5_second_npy/Snare_drum/33630c6c.npy,../../Datasets/FSDKaggle2018/Sorted/Snare_drum/33630c6c.wav
train,Snare_drum,../../Datasets/FSDKaggle2018/Spec_5_second_npy/Snare_drum/368b7628.npy,../../Datasets/FSDKaggle2018/Sorted/Snare_drum/368b7628.wav
train,Snare_drum,../../Datasets/FSDKaggle2018/Spec_5_second_npy/Snare_drum/22e1c02c.npy,../../Datasets/FSDKaggle2018/Sorted/Snare_drum/22e1c02c.wav
train,Snare_drum,../../Datasets/FSDKaggle2018/Spec_5_second_npy/Snare_drum/ae5fc8a0.npy,../../Datasets/FSDKaggle2018/Sorted/Snare_drum/ae5fc8a0.wav
train,Snare_drum,../../Datasets/FSDKaggle2018/Spec_5_second_npy/Snare_drum/a911ed29.npy,../../Datasets/FSDKaggle2018/Sorted/Snare_drum/a911ed29.wav
train,Snare_drum,../../Datasets/FSDKaggle2018/Spec_5_second_npy/Snare_drum/ae9308c1.npy,../../Datasets/FSDKaggle2018/Sorted/Snare_drum/ae9308c1.wav
train,Snare_drum,../../Datasets/FSDKaggle2018/Spec_5_second_npy/Snare_drum/932280e6.npy,../../Datasets/FSDKaggle2018/Sorted/Snare_drum/932280e6.wav
train,Squeak,../../Datasets/FSDKaggle2018/Spec_5_second_npy/Squeak/8603a913.npy,../../Datasets/FSDKaggle2018/Sorted/Squeak/8603a913.wav
train,Squeak,../../Datasets/FSDKaggle2018/Spec_5_second_npy/Squeak/79cbc8f6.npy,../../Datasets/FSDKaggle2018/Sorted/Squeak/79cbc8f6.wav
train,Squeak,../../Datasets/FSDKaggle2018/Spec_5_second_npy/Squeak/9a9edc17.npy,../../Datasets/FSDKaggle2018/Sorted/Squeak/9a9edc17.wav
train,Squeak,../../Datasets/FSDKaggle2018/Spec_5_second_npy/Squeak/4551f231.npy,../../Datasets/FSDKaggle2018/Sorted/Squeak/4551f231.wav
train,Squeak,../../Datasets/FSDKaggle2018/Spec_5_second_npy/Squeak/837d1343.npy,../../Datasets/FSDKaggle2018/Sorted/Squeak/837d1343.wav
train,Squeak,../../Datasets/FSDKaggle2018/Spec_5_second_npy/Squeak/f52e0659.npy,../../Datasets/FSDKaggle2018/Sorted/Squeak/f52e0659.wav
train,Squeak,../../Datasets/FSDKaggle2018/Spec_5_second_npy/Squeak/84ac80e6.npy,../../Datasets/FSDKaggle2018/Sorted/Squeak/84ac80e6.wav
train,Squeak,../../Datasets/FSDKaggle2018/Spec_5_second_npy/Squeak/18b06a2b.npy,../../Datasets/FSDKaggle2018/Sorted/Squeak/18b06a2b.wav
train,Squeak,../../Datasets/FSDKaggle2018/Spec_5_second_npy/Squeak/fb879082.npy,../../Datasets/FSDKaggle2018/Sorted/Squeak/fb879082.wav
train,Squeak,../../Datasets/FSDKaggle2018/Spec_5_second_npy/Squeak/e5eaca98.npy,../../Datasets/FSDKaggle2018/Sorted/Squeak/e5eaca98.wav
train,Squeak,../../Datasets/FSDKaggle2018/Spec_5_second_npy/Squeak/cc28fbb1.npy,../../Datasets/FSDKaggle2018/Sorted/Squeak/cc28fbb1.wav
train,Squeak,../../Datasets/FSDKaggle2018/Spec_5_second_npy/Squeak/47d378be.npy,../../Datasets/FSDKaggle2018/Sorted/Squeak/47d378be.wav
train,Squeak,../../Datasets/FSDKaggle2018/Spec_5_second_npy/Squeak/8ffab712.npy,../../Datasets/FSDKaggle2018/Sorted/Squeak/8ffab712.wav
train,Squeak,../../Datasets/FSDKaggle2018/Spec_5_second_npy/Squeak/0459f90f.npy,../../Datasets/FSDKaggle2018/Sorted/Squeak/0459f90f.wav
train,Squeak,../../Datasets/FSDKaggle2018/Spec_5_second_npy/Squeak/b8409ef7.npy,../../Datasets/FSDKaggle2018/Sorted/Squeak/b8409ef7.wav
train,Squeak,../../Datasets/FSDKaggle2018/Spec_5_second_npy/Squeak/35271da5.npy,../../Datasets/FSDKaggle2018/Sorted/Squeak/35271da5.wav
train,Tambourine,../../Datasets/FSDKaggle2018/Spec_5_second_npy/Tambourine/abdc7784.npy,../../Datasets/FSDKaggle2018/Sorted/Tambourine/abdc7784.wav
train,Tambourine,../../Datasets/FSDKaggle2018/Spec_5_second_npy/Tambourine/ed75d358.npy,../../Datasets/FSDKaggle2018/Sorted/Tambourine/ed75d358.wav
train,Tambourine,../../Datasets/FSDKaggle2018/Spec_5_second_npy/Tambourine/af8c4865.npy,../../Datasets/FSDKaggle2018/Sorted/Tambourine/af8c4865.wav
train,Tambourine,../../Datasets/FSDKaggle2018/Spec_5_second_npy/Tambourine/bb7107fb.npy,../../Datasets/FSDKaggle2018/Sorted/Tambourine/bb7107fb.wav
train,Tambourine,../../Datasets/FSDKaggle2018/Spec_5_second_npy/Tambourine/fe626e30.npy,../../Datasets/FSDKaggle2018/Sorted/Tambourine/fe626e30.wav
train,Tambourine,../../Datasets/FSDKaggle2018/Spec_5_second_npy/Tambourine/cd13f3b7.npy,../../Datasets/FSDKaggle2018/Sorted/Tambourine/cd13f3b7.wav
train,Tambourine,../../Datasets/FSDKaggle2018/Spec_5_second_npy/Tambourine/7281b2db.npy,../../Datasets/FSDKaggle2018/Sorted/Tambourine/7281b2db.wav
train,Tambourine,../../Datasets/FSDKaggle2018/Spec_5_second_npy/Tambourine/0b79fdea.npy,../../Datasets/FSDKaggle2018/Sorted/Tambourine/0b79fdea.wav
train,Tambourine,../../Datasets/FSDKaggle2018/Spec_5_second_npy/Tambourine/f27be964.npy,../../Datasets/FSDKaggle2018/Sorted/Tambourine/f27be964.wav
train,Tambourine,../../Datasets/FSDKaggle2018/Spec_5_second_npy/Tambourine/4b8aa2a7.npy,../../Datasets/FSDKaggle2018/Sorted/Tambourine/4b8aa2a7.wav
train,Tambourine,../../Datasets/FSDKaggle2018/Spec_5_second_npy/Tambourine/6a8a3268.npy,../../Datasets/FSDKaggle2018/Sorted/Tambourine/6a8a3268.wav
train,Tambourine,../../Datasets/FSDKaggle2018/Spec_5_second_npy/Tambourine/95054edf.npy,../../Datasets/FSDKaggle2018/Sorted/Tambourine/95054edf.wav
train,Tambourine,../../Datasets/FSDKaggle2018/Spec_5_second_npy/Tambourine/307b76ab.npy,../../Datasets/FSDKaggle2018/Sorted/Tambourine/307b76ab.wav
train,Tambourine,../../Datasets/FSDKaggle2018/Spec_5_second_npy/Tambourine/9571b304.npy,../../Datasets/FSDKaggle2018/Sorted/Tambourine/9571b304.wav
train,Tambourine,../../Datasets/FSDKaggle2018/Spec_5_second_npy/Tambourine/41079275.npy,../../Datasets/FSDKaggle2018/Sorted/Tambourine/41079275.wav
train,Tambourine,../../Datasets/FSDKaggle2018/Spec_5_second_npy/Tambourine/0356f2ab.npy,../../Datasets/FSDKaggle2018/Sorted/Tambourine/0356f2ab.wav
train,Tearing,../../Datasets/FSDKaggle2018/Spec_5_second_npy/Tearing/f6951d7e.npy,../../Datasets/FSDKaggle2018/Sorted/Tearing/f6951d7e.wav
train,Tearing,../../Datasets/FSDKaggle2018/Spec_5_second_npy/Tearing/c3bc8ef9.npy,../../Datasets/FSDKaggle2018/Sorted/Tearing/c3bc8ef9.wav
train,Tearing,../../Datasets/FSDKaggle2018/Spec_5_second_npy/Tearing/f4b04a05.npy,../../Datasets/FSDKaggle2018/Sorted/Tearing/f4b04a05.wav
train,Tearing,../../Datasets/FSDKaggle2018/Spec_5_second_npy/Tearing/f1062ecf.npy,../../Datasets/FSDKaggle2018/Sorted/Tearing/f1062ecf.wav
train,Tearing,../../Datasets/FSDKaggle2018/Spec_5_second_npy/Tearing/159ea1c3.npy,../../Datasets/FSDKaggle2018/Sorted/Tearing/159ea1c3.wav
train,Tearing,../../Datasets/FSDKaggle2018/Spec_5_second_npy/Tearing/193240a4.npy,../../Datasets/FSDKaggle2018/Sorted/Tearing/193240a4.wav
train,Tearing,../../Datasets/FSDKaggle2018/Spec_5_second_npy/Tearing/788d34f0.npy,../../Datasets/FSDKaggle2018/Sorted/Tearing/788d34f0.wav
train,Tearing,../../Datasets/FSDKaggle2018/Spec_5_second_npy/Tearing/8bd786e4.npy,../../Datasets/FSDKaggle2018/Sorted/Tearing/8bd786e4.wav
train,Tearing,../../Datasets/FSDKaggle2018/Spec_5_second_npy/Tearing/bb1997bb.npy,../../Datasets/FSDKaggle2018/Sorted/Tearing/bb1997bb.wav
train,Tearing,../../Datasets/FSDKaggle2018/Spec_5_second_npy/Tearing/fb117dad.npy,../../Datasets/FSDKaggle2018/Sorted/Tearing/fb117dad.wav
train,Tearing,../../Datasets/FSDKaggle2018/Spec_5_second_npy/Tearing/cdccd612.npy,../../Datasets/FSDKaggle2018/Sorted/Tearing/cdccd612.wav
train,Tearing,../../Datasets/FSDKaggle2018/Spec_5_second_npy/Tearing/469e4ebe.npy,../../Datasets/FSDKaggle2018/Sorted/Tearing/469e4ebe.wav
train,Tearing,../../Datasets/FSDKaggle2018/Spec_5_second_npy/Tearing/50556530.npy,../../Datasets/FSDKaggle2018/Sorted/Tearing/50556530.wav
train,Tearing,../../Datasets/FSDKaggle2018/Spec_5_second_npy/Tearing/a064e93f.npy,../../Datasets/FSDKaggle2018/Sorted/Tearing/a064e93f.wav
train,Tearing,../../Datasets/FSDKaggle2018/Spec_5_second_npy/Tearing/cc2464dc.npy,../../Datasets/FSDKaggle2018/Sorted/Tearing/cc2464dc.wav
train,Tearing,../../Datasets/FSDKaggle2018/Spec_5_second_npy/Tearing/a95e1a08.npy,../../Datasets/FSDKaggle2018/Sorted/Tearing/a95e1a08.wav
train,Telephone,../../Datasets/FSDKaggle2018/Spec_5_second_npy/Telephone/cabee68d.npy,../../Datasets/FSDKaggle2018/Sorted/Telephone/cabee68d.wav
train,Telephone,../../Datasets/FSDKaggle2018/Spec_5_second_npy/Telephone/75bbb109.npy,../../Datasets/FSDKaggle2018/Sorted/Telephone/75bbb109.wav
train,Telephone,../../Datasets/FSDKaggle2018/Spec_5_second_npy/Telephone/ed0e89d8.npy,../../Datasets/FSDKaggle2018/Sorted/Telephone/ed0e89d8.wav
train,Telephone,../../Datasets/FSDKaggle2018/Spec_5_second_npy/Telephone/176b95db.npy,../../Datasets/FSDKaggle2018/Sorted/Telephone/176b95db.wav
train,Telephone,../../Datasets/FSDKaggle2018/Spec_5_second_npy/Telephone/1b004964.npy,../../Datasets/FSDKaggle2018/Sorted/Telephone/1b004964.wav
train,Telephone,../../Datasets/FSDKaggle2018/Spec_5_second_npy/Telephone/5cf7a39a.npy,../../Datasets/FSDKaggle2018/Sorted/Telephone/5cf7a39a.wav
train,Telephone,../../Datasets/FSDKaggle2018/Spec_5_second_npy/Telephone/ef6ae93c.npy,../../Datasets/FSDKaggle2018/Sorted/Telephone/ef6ae93c.wav
train,Telephone,../../Datasets/FSDKaggle2018/Spec_5_second_npy/Telephone/e5f9437c.npy,../../Datasets/FSDKaggle2018/Sorted/Telephone/e5f9437c.wav
train,Telephone,../../Datasets/FSDKaggle2018/Spec_5_second_npy/Telephone/531a3044.npy,../../Datasets/FSDKaggle2018/Sorted/Telephone/531a3044.wav
train,Telephone,../../Datasets/FSDKaggle2018/Spec_5_second_npy/Telephone/fb33b7b3.npy,../../Datasets/FSDKaggle2018/Sorted/Telephone/fb33b7b3.wav
train,Telephone,../../Datasets/FSDKaggle2018/Spec_5_second_npy/Telephone/7b944469.npy,../../Datasets/FSDKaggle2018/Sorted/Telephone/7b944469.wav
train,Telephone,../../Datasets/FSDKaggle2018/Spec_5_second_npy/Telephone/5935d5bd.npy,../../Datasets/FSDKaggle2018/Sorted/Telephone/5935d5bd.wav
train,Telephone,../../Datasets/FSDKaggle2018/Spec_5_second_npy/Telephone/02a3243a.npy,../../Datasets/FSDKaggle2018/Sorted/Telephone/02a3243a.wav
train,Telephone,../../Datasets/FSDKaggle2018/Spec_5_second_npy/Telephone/9cee0b0f.npy,../../Datasets/FSDKaggle2018/Sorted/Telephone/9cee0b0f.wav
train,Telephone,../../Datasets/FSDKaggle2018/Spec_5_second_npy/Telephone/5c61d6dc.npy,../../Datasets/FSDKaggle2018/Sorted/Telephone/5c61d6dc.wav
train,Telephone,../../Datasets/FSDKaggle2018/Spec_5_second_npy/Telephone/6f049dbb.npy,../../Datasets/FSDKaggle2018/Sorted/Telephone/6f049dbb.wav
train,Trumpet,../../Datasets/FSDKaggle2018/Spec_5_second_npy/Trumpet/6a609889.npy,../../Datasets/FSDKaggle2018/Sorted/Trumpet/6a609889.wav
train,Trumpet,../../Datasets/FSDKaggle2018/Spec_5_second_npy/Trumpet/76087744.npy,../../Datasets/FSDKaggle2018/Sorted/Trumpet/76087744.wav
train,Trumpet,../../Datasets/FSDKaggle2018/Spec_5_second_npy/Trumpet/f8b790f0.npy,../../Datasets/FSDKaggle2018/Sorted/Trumpet/f8b790f0.wav
train,Trumpet,../../Datasets/FSDKaggle2018/Spec_5_second_npy/Trumpet/fec180d4.npy,../../Datasets/FSDKaggle2018/Sorted/Trumpet/fec180d4.wav
train,Trumpet,../../Datasets/FSDKaggle2018/Spec_5_second_npy/Trumpet/5233fe9c.npy,../../Datasets/FSDKaggle2018/Sorted/Trumpet/5233fe9c.wav
train,Trumpet,../../Datasets/FSDKaggle2018/Spec_5_second_npy/Trumpet/82727fe8.npy,../../Datasets/FSDKaggle2018/Sorted/Trumpet/82727fe8.wav
train,Trumpet,../../Datasets/FSDKaggle2018/Spec_5_second_npy/Trumpet/7a397092.npy,../../Datasets/FSDKaggle2018/Sorted/Trumpet/7a397092.wav
train,Trumpet,../../Datasets/FSDKaggle2018/Spec_5_second_npy/Trumpet/52ef7355.npy,../../Datasets/FSDKaggle2018/Sorted/Trumpet/52ef7355.wav
train,Trumpet,../../Datasets/FSDKaggle2018/Spec_5_second_npy/Trumpet/bf84f687.npy,../../Datasets/FSDKaggle2018/Sorted/Trumpet/bf84f687.wav
train,Trumpet,../../Datasets/FSDKaggle2018/Spec_5_second_npy/Trumpet/97d60ed0.npy,../../Datasets/FSDKaggle2018/Sorted/Trumpet/97d60ed0.wav
train,Trumpet,../../Datasets/FSDKaggle2018/Spec_5_second_npy/Trumpet/ed028d75.npy,../../Datasets/FSDKaggle2018/Sorted/Trumpet/ed028d75.wav
train,Trumpet,../../Datasets/FSDKaggle2018/Spec_5_second_npy/Trumpet/0d99cfde.npy,../../Datasets/FSDKaggle2018/Sorted/Trumpet/0d99cfde.wav
train,Trumpet,../../Datasets/FSDKaggle2018/Spec_5_second_npy/Trumpet/2c42b48b.npy,../../Datasets/FSDKaggle2018/Sorted/Trumpet/2c42b48b.wav
train,Trumpet,../../Datasets/FSDKaggle2018/Spec_5_second_npy/Trumpet/3ab854dd.npy,../../Datasets/FSDKaggle2018/Sorted/Trumpet/3ab854dd.wav
train,Trumpet,../../Datasets/FSDKaggle2018/Spec_5_second_npy/Trumpet/8b911fb3.npy,../../Datasets/FSDKaggle2018/Sorted/Trumpet/8b911fb3.wav
train,Trumpet,../../Datasets/FSDKaggle2018/Spec_5_second_npy/Trumpet/c3ef26e5.npy,../../Datasets/FSDKaggle2018/Sorted/Trumpet/c3ef26e5.wav
train,Violin_or_fiddle,../../Datasets/FSDKaggle2018/Spec_5_second_npy/Violin_or_fiddle/dee0d5ac.npy,../../Datasets/FSDKaggle2018/Sorted/Violin_or_fiddle/dee0d5ac.wav
train,Violin_or_fiddle,../../Datasets/FSDKaggle2018/Spec_5_second_npy/Violin_or_fiddle/e9da730a.npy,../../Datasets/FSDKaggle2018/Sorted/Violin_or_fiddle/e9da730a.wav
train,Violin_or_fiddle,../../Datasets/FSDKaggle2018/Spec_5_second_npy/Violin_or_fiddle/b46cb6aa.npy,../../Datasets/FSDKaggle2018/Sorted/Violin_or_fiddle/b46cb6aa.wav
train,Violin_or_fiddle,../../Datasets/FSDKaggle2018/Spec_5_second_npy/Violin_or_fiddle/c10f216b.npy,../../Datasets/FSDKaggle2018/Sorted/Violin_or_fiddle/c10f216b.wav
train,Violin_or_fiddle,../../Datasets/FSDKaggle2018/Spec_5_second_npy/Violin_or_fiddle/291277ae.npy,../../Datasets/FSDKaggle2018/Sorted/Violin_or_fiddle/291277ae.wav
train,Violin_or_fiddle,../../Datasets/FSDKaggle2018/Spec_5_second_npy/Violin_or_fiddle/9c452692.npy,../../Datasets/FSDKaggle2018/Sorted/Violin_or_fiddle/9c452692.wav
train,Violin_or_fiddle,../../Datasets/FSDKaggle2018/Spec_5_second_npy/Violin_or_fiddle/58fec070.npy,../../Datasets/FSDKaggle2018/Sorted/Violin_or_fiddle/58fec070.wav
train,Violin_or_fiddle,../../Datasets/FSDKaggle2018/Spec_5_second_npy/Violin_or_fiddle/6ee9f703.npy,../../Datasets/FSDKaggle2018/Sorted/Violin_or_fiddle/6ee9f703.wav
train,Violin_or_fiddle,../../Datasets/FSDKaggle2018/Spec_5_second_npy/Violin_or_fiddle/a39640a6.npy,../../Datasets/FSDKaggle2018/Sorted/Violin_or_fiddle/a39640a6.wav
train,Violin_or_fiddle,../../Datasets/FSDKaggle2018/Spec_5_second_npy/Violin_or_fiddle/c958109f.npy,../../Datasets/FSDKaggle2018/Sorted/Violin_or_fiddle/c958109f.wav
train,Violin_or_fiddle,../../Datasets/FSDKaggle2018/Spec_5_second_npy/Violin_or_fiddle/2e8579ad.npy,../../Datasets/FSDKaggle2018/Sorted/Violin_or_fiddle/2e8579ad.wav
train,Violin_or_fiddle,../../Datasets/FSDKaggle2018/Spec_5_second_npy/Violin_or_fiddle/34404331.npy,../../Datasets/FSDKaggle2018/Sorted/Violin_or_fiddle/34404331.wav
train,Violin_or_fiddle,../../Datasets/FSDKaggle2018/Spec_5_second_npy/Violin_or_fiddle/18d8abc6.npy,../../Datasets/FSDKaggle2018/Sorted/Violin_or_fiddle/18d8abc6.wav
train,Violin_or_fiddle,../../Datasets/FSDKaggle2018/Spec_5_second_npy/Violin_or_fiddle/4f99f874.npy,../../Datasets/FSDKaggle2018/Sorted/Violin_or_fiddle/4f99f874.wav
train,Violin_or_fiddle,../../Datasets/FSDKaggle2018/Spec_5_second_npy/Violin_or_fiddle/fcbf1b7d.npy,../../Datasets/FSDKaggle2018/Sorted/Violin_or_fiddle/fcbf1b7d.wav
train,Violin_or_fiddle,../../Datasets/FSDKaggle2018/Spec_5_second_npy/Violin_or_fiddle/4883c7c3.npy,../../Datasets/FSDKaggle2018/Sorted/Violin_or_fiddle/4883c7c3.wav
train,Writing,../../Datasets/FSDKaggle2018/Spec_5_second_npy/Writing/831812ad.npy,../../Datasets/FSDKaggle2018/Sorted/Writing/831812ad.wav
train,Writing,../../Datasets/FSDKaggle2018/Spec_5_second_npy/Writing/cc10503b.npy,../../Datasets/FSDKaggle2018/Sorted/Writing/cc10503b.wav
train,Writing,../../Datasets/FSDKaggle2018/Spec_5_second_npy/Writing/6b45a7ab.npy,../../Datasets/FSDKaggle2018/Sorted/Writing/6b45a7ab.wav
train,Writing,../../Datasets/FSDKaggle2018/Spec_5_second_npy/Writing/cb6ad0da.npy,../../Datasets/FSDKaggle2018/Sorted/Writing/cb6ad0da.wav
train,Writing,../../Datasets/FSDKaggle2018/Spec_5_second_npy/Writing/dfd03330.npy,../../Datasets/FSDKaggle2018/Sorted/Writing/dfd03330.wav
train,Writing,../../Datasets/FSDKaggle2018/Spec_5_second_npy/Writing/cf3a73a6.npy,../../Datasets/FSDKaggle2018/Sorted/Writing/cf3a73a6.wav
train,Writing,../../Datasets/FSDKaggle2018/Spec_5_second_npy/Writing/44ae8221.npy,../../Datasets/FSDKaggle2018/Sorted/Writing/44ae8221.wav
train,Writing,../../Datasets/FSDKaggle2018/Spec_5_second_npy/Writing/260161b5.npy,../../Datasets/FSDKaggle2018/Sorted/Writing/260161b5.wav
train,Writing,../../Datasets/FSDKaggle2018/Spec_5_second_npy/Writing/a0b4028c.npy,../../Datasets/FSDKaggle2018/Sorted/Writing/a0b4028c.wav
train,Writing,../../Datasets/FSDKaggle2018/Spec_5_second_npy/Writing/29a96a60.npy,../../Datasets/FSDKaggle2018/Sorted/Writing/29a96a60.wav
train,Writing,../../Datasets/FSDKaggle2018/Spec_5_second_npy/Writing/1fd823bd.npy,../../Datasets/FSDKaggle2018/Sorted/Writing/1fd823bd.wav
train,Writing,../../Datasets/FSDKaggle2018/Spec_5_second_npy/Writing/bfed2ab1.npy,../../Datasets/FSDKaggle2018/Sorted/Writing/bfed2ab1.wav
train,Writing,../../Datasets/FSDKaggle2018/Spec_5_second_npy/Writing/48cf40dd.npy,../../Datasets/FSDKaggle2018/Sorted/Writing/48cf40dd.wav
train,Writing,../../Datasets/FSDKaggle2018/Spec_5_second_npy/Writing/6a7ea03a.npy,../../Datasets/FSDKaggle2018/Sorted/Writing/6a7ea03a.wav
train,Writing,../../Datasets/FSDKaggle2018/Spec_5_second_npy/Writing/da9613c7.npy,../../Datasets/FSDKaggle2018/Sorted/Writing/da9613c7.wav
train,Writing,../../Datasets/FSDKaggle2018/Spec_5_second_npy/Writing/76631c30.npy,../../Datasets/FSDKaggle2018/Sorted/Writing/76631c30.wav
